"ID","GENRE_NAME","GENRE_CODE","REMARKS","DELETE_FLG","VERSION","CREATED","MODIFIED","MODIFIED_BY"
"1","総記","000","","0","0","2023-08-01 0:00:00","2023-08-01 0:00:00","PATCH"
"2","","001","","0","0","2023-08-01 0:00:00","2023-08-01 0:00:00","PATCH"
"3","知識. 学問. 学術","002","","0","0","2023-08-01 0:00:00","2023-08-01 0:00:00","PATCH"
"4","","003","","0","0","2023-08-01 0:00:00","2023-08-01 0:00:00","PATCH"
"5","","004","","0","0","2023-08-01 0:00:00","2023-08-01 0:00:00","PATCH"
"6","","005","","0","0","2023-08-01 0:00:00","2023-08-01 0:00:00","PATCH"
"7","","006","","0","0","2023-08-01 0:00:00","2023-08-01 0:00:00","PATCH"
"8","情報学. 情報科学","007","","0","0","2023-08-01 0:00:00","2023-08-01 0:00:00","PATCH"
"9","","008","","0","0","2023-08-01 0:00:00","2023-08-01 0:00:00","PATCH"
"10","","009","","0","0","2023-08-01 0:00:00","2023-08-01 0:00:00","PATCH"
"11","図書館. 図書館学","010","","0","0","2023-08-01 0:00:00","2023-08-01 0:00:00","PATCH"
"12","図書館政策. 図書館行財政","011","","0","0","2023-08-01 0:00:00","2023-08-01 0:00:00","PATCH"
"13","図書館建築. 図書館設備","012","","0","0","2023-08-01 0:00:00","2023-08-01 0:00:00","PATCH"
"14","図書館経営・管理","013","","0","0","2023-08-01 0:00:00","2023-08-01 0:00:00","PATCH"
"15","情報資源の収集・組織化・保存","014","","0","0","2023-08-01 0:00:00","2023-08-01 0:00:00","PATCH"
"16","図書館サービス. 図書館活動","015","","0","0","2023-08-01 0:00:00","2023-08-01 0:00:00","PATCH"
"17","各種の図書館","016","","0","0","2023-08-01 0:00:00","2023-08-01 0:00:00","PATCH"
"18","学校図書館","017","","0","0","2023-08-01 0:00:00","2023-08-01 0:00:00","PATCH"
"19","専門図書館","018","","0","0","2023-08-01 0:00:00","2023-08-01 0:00:00","PATCH"
"20","読書. 読書法","019","","0","0","2023-08-01 0:00:00","2023-08-01 0:00:00","PATCH"
"21","図書. 書誌学","020","","0","0","2023-08-01 0:00:00","2023-08-01 0:00:00","PATCH"
"22","著作. 編集","021","","0","0","2023-08-01 0:00:00","2023-08-01 0:00:00","PATCH"
"23","写本. 刊本. 造本","022","","0","0","2023-08-01 0:00:00","2023-08-01 0:00:00","PATCH"
"24","出版","023","","0","0","2023-08-01 0:00:00","2023-08-01 0:00:00","PATCH"
"25","図書の販売","024","","0","0","2023-08-01 0:00:00","2023-08-01 0:00:00","PATCH"
"26","一般書誌. 全国書誌","025","","0","0","2023-08-01 0:00:00","2023-08-01 0:00:00","PATCH"
"27","稀書目録. 善本目録","026","","0","0","2023-08-01 0:00:00","2023-08-01 0:00:00","PATCH"
"28","特種目録","027","","0","0","2023-08-01 0:00:00","2023-08-01 0:00:00","PATCH"
"29","選定図書目録. 参考図書目録","028","","0","0","2023-08-01 0:00:00","2023-08-01 0:00:00","PATCH"
"30","蔵書目録. 総合目録","029","","0","0","2023-08-01 0:00:00","2023-08-01 0:00:00","PATCH"
"31","百科事典","030","","0","0","2023-08-01 0:00:00","2023-08-01 0:00:00","PATCH"
"32","日本語","031","","0","0","2023-08-01 0:00:00","2023-08-01 0:00:00","PATCH"
"33","中国語","032","","0","0","2023-08-01 0:00:00","2023-08-01 0:00:00","PATCH"
"34","英語","033","","0","0","2023-08-01 0:00:00","2023-08-01 0:00:00","PATCH"
"35","ドイツ語","034","","0","0","2023-08-01 0:00:00","2023-08-01 0:00:00","PATCH"
"36","フランス語","035","","0","0","2023-08-01 0:00:00","2023-08-01 0:00:00","PATCH"
"37","スペイン語","036","","0","0","2023-08-01 0:00:00","2023-08-01 0:00:00","PATCH"
"38","イタリア語","037","","0","0","2023-08-01 0:00:00","2023-08-01 0:00:00","PATCH"
"39","ロシア語","038","","0","0","2023-08-01 0:00:00","2023-08-01 0:00:00","PATCH"
"40","用語索引","039","","0","0","2023-08-01 0:00:00","2023-08-01 0:00:00","PATCH"
"41","一般論文集. 一般講演集","040","","0","0","2023-08-01 0:00:00","2023-08-01 0:00:00","PATCH"
"42","日本語","041","","0","0","2023-08-01 0:00:00","2023-08-01 0:00:00","PATCH"
"43","中国語","042","","0","0","2023-08-01 0:00:00","2023-08-01 0:00:00","PATCH"
"44","英語","043","","0","0","2023-08-01 0:00:00","2023-08-01 0:00:00","PATCH"
"45","ドイツ語","044","","0","0","2023-08-01 0:00:00","2023-08-01 0:00:00","PATCH"
"46","フランス語","045","","0","0","2023-08-01 0:00:00","2023-08-01 0:00:00","PATCH"
"47","スペイン語","046","","0","0","2023-08-01 0:00:00","2023-08-01 0:00:00","PATCH"
"48","イタリア語","047","","0","0","2023-08-01 0:00:00","2023-08-01 0:00:00","PATCH"
"49","ロシア語","048","","0","0","2023-08-01 0:00:00","2023-08-01 0:00:00","PATCH"
"50","雑著","049","","0","0","2023-08-01 0:00:00","2023-08-01 0:00:00","PATCH"
"51","逐次刊行物","050","","0","0","2023-08-01 0:00:00","2023-08-01 0:00:00","PATCH"
"52","日本語","051","","0","0","2023-08-01 0:00:00","2023-08-01 0:00:00","PATCH"
"53","中国語","052","","0","0","2023-08-01 0:00:00","2023-08-01 0:00:00","PATCH"
"54","英語","053","","0","0","2023-08-01 0:00:00","2023-08-01 0:00:00","PATCH"
"55","ドイツ語","054","","0","0","2023-08-01 0:00:00","2023-08-01 0:00:00","PATCH"
"56","フランス語","055","","0","0","2023-08-01 0:00:00","2023-08-01 0:00:00","PATCH"
"57","スペイン語","056","","0","0","2023-08-01 0:00:00","2023-08-01 0:00:00","PATCH"
"58","イタリア語","057","","0","0","2023-08-01 0:00:00","2023-08-01 0:00:00","PATCH"
"59","ロシア語","058","","0","0","2023-08-01 0:00:00","2023-08-01 0:00:00","PATCH"
"60","一般年鑑","059","","0","0","2023-08-01 0:00:00","2023-08-01 0:00:00","PATCH"
"61","団体","060","","0","0","2023-08-01 0:00:00","2023-08-01 0:00:00","PATCH"
"62","学術・研究機関","061","","0","0","2023-08-01 0:00:00","2023-08-01 0:00:00","PATCH"
"63","","062","","0","0","2023-08-01 0:00:00","2023-08-01 0:00:00","PATCH"
"64","文化交流機関","063","","0","0","2023-08-01 0:00:00","2023-08-01 0:00:00","PATCH"
"65","","064","","0","0","2023-08-01 0:00:00","2023-08-01 0:00:00","PATCH"
"66","親睦団体. その他の団体","065","","0","0","2023-08-01 0:00:00","2023-08-01 0:00:00","PATCH"
"67","","066","","0","0","2023-08-01 0:00:00","2023-08-01 0:00:00","PATCH"
"68","","067","","0","0","2023-08-01 0:00:00","2023-08-01 0:00:00","PATCH"
"69","","068","","0","0","2023-08-01 0:00:00","2023-08-01 0:00:00","PATCH"
"70","博物館","069","","0","0","2023-08-01 0:00:00","2023-08-01 0:00:00","PATCH"
"71","ジャーナリズム. 新聞","070","","0","0","2023-08-01 0:00:00","2023-08-01 0:00:00","PATCH"
"72","日本","071","","0","0","2023-08-01 0:00:00","2023-08-01 0:00:00","PATCH"
"73","アジア","072","","0","0","2023-08-01 0:00:00","2023-08-01 0:00:00","PATCH"
"74","ヨーロッパ","073","","0","0","2023-08-01 0:00:00","2023-08-01 0:00:00","PATCH"
"75","アフリカ","074","","0","0","2023-08-01 0:00:00","2023-08-01 0:00:00","PATCH"
"76","北アメリカ","075","","0","0","2023-08-01 0:00:00","2023-08-01 0:00:00","PATCH"
"77","南アメリカ","076","","0","0","2023-08-01 0:00:00","2023-08-01 0:00:00","PATCH"
"78","オセアニア. 両極地方","077","","0","0","2023-08-01 0:00:00","2023-08-01 0:00:00","PATCH"
"79","","078","","0","0","2023-08-01 0:00:00","2023-08-01 0:00:00","PATCH"
"80","","079","","0","0","2023-08-01 0:00:00","2023-08-01 0:00:00","PATCH"
"81","叢書. 全集. 選集","080","","0","0","2023-08-01 0:00:00","2023-08-01 0:00:00","PATCH"
"82","日本語","081","","0","0","2023-08-01 0:00:00","2023-08-01 0:00:00","PATCH"
"83","中国語","082","","0","0","2023-08-01 0:00:00","2023-08-01 0:00:00","PATCH"
"84","英語","083","","0","0","2023-08-01 0:00:00","2023-08-01 0:00:00","PATCH"
"85","ドイツ語","084","","0","0","2023-08-01 0:00:00","2023-08-01 0:00:00","PATCH"
"86","フランス語","085","","0","0","2023-08-01 0:00:00","2023-08-01 0:00:00","PATCH"
"87","スペイン語","086","","0","0","2023-08-01 0:00:00","2023-08-01 0:00:00","PATCH"
"88","イタリア語","087","","0","0","2023-08-01 0:00:00","2023-08-01 0:00:00","PATCH"
"89","ロシア語","088","","0","0","2023-08-01 0:00:00","2023-08-01 0:00:00","PATCH"
"90","その他の諸言語","089","","0","0","2023-08-01 0:00:00","2023-08-01 0:00:00","PATCH"
"91","貴重書. 郷土資料. その他の特別コレクション","090","","0","0","2023-08-01 0:00:00","2023-08-01 0:00:00","PATCH"
"92","","091","","0","0","2023-08-01 0:00:00","2023-08-01 0:00:00","PATCH"
"93","","092","","0","0","2023-08-01 0:00:00","2023-08-01 0:00:00","PATCH"
"94","","093","","0","0","2023-08-01 0:00:00","2023-08-01 0:00:00","PATCH"
"95","","094","","0","0","2023-08-01 0:00:00","2023-08-01 0:00:00","PATCH"
"96","","095","","0","0","2023-08-01 0:00:00","2023-08-01 0:00:00","PATCH"
"97","","096","","0","0","2023-08-01 0:00:00","2023-08-01 0:00:00","PATCH"
"98","","097","","0","0","2023-08-01 0:00:00","2023-08-01 0:00:00","PATCH"
"99","","098","","0","0","2023-08-01 0:00:00","2023-08-01 0:00:00","PATCH"
"100","","099","","0","0","2023-08-01 0:00:00","2023-08-01 0:00:00","PATCH"
"101","哲学","100","","0","0","2023-08-01 0:00:00","2023-08-01 0:00:00","PATCH"
"102","哲学理論","101","","0","0","2023-08-01 0:00:00","2023-08-01 0:00:00","PATCH"
"103","哲学史","102","","0","0","2023-08-01 0:00:00","2023-08-01 0:00:00","PATCH"
"104","参考図書［レファレンスブック］","103","","0","0","2023-08-01 0:00:00","2023-08-01 0:00:00","PATCH"
"105","論文集. 評論集. 講演集","104","","0","0","2023-08-01 0:00:00","2023-08-01 0:00:00","PATCH"
"106","逐次刊行物","105","","0","0","2023-08-01 0:00:00","2023-08-01 0:00:00","PATCH"
"107","団体：学会，協会，会議","106","","0","0","2023-08-01 0:00:00","2023-08-01 0:00:00","PATCH"
"108","研究法. 指導法. 哲学教育","107","","0","0","2023-08-01 0:00:00","2023-08-01 0:00:00","PATCH"
"109","叢書. 全集. 選集","108","","0","0","2023-08-01 0:00:00","2023-08-01 0:00:00","PATCH"
"110","","109","","0","0","2023-08-01 0:00:00","2023-08-01 0:00:00","PATCH"
"111","哲学各論","110","","0","0","2023-08-01 0:00:00","2023-08-01 0:00:00","PATCH"
"112","形而上学. 存在論","111","","0","0","2023-08-01 0:00:00","2023-08-01 0:00:00","PATCH"
"113","自然哲学. 宇宙論","112","","0","0","2023-08-01 0:00:00","2023-08-01 0:00:00","PATCH"
"114","人生観. 世界観","113","","0","0","2023-08-01 0:00:00","2023-08-01 0:00:00","PATCH"
"115","人間学","114","","0","0","2023-08-01 0:00:00","2023-08-01 0:00:00","PATCH"
"116","認識論","115","","0","0","2023-08-01 0:00:00","2023-08-01 0:00:00","PATCH"
"117","論理学. 弁証法. 方法論","116","","0","0","2023-08-01 0:00:00","2023-08-01 0:00:00","PATCH"
"118","価値哲学","117","","0","0","2023-08-01 0:00:00","2023-08-01 0:00:00","PATCH"
"119","文化哲学. 技術哲学","118","","0","0","2023-08-01 0:00:00","2023-08-01 0:00:00","PATCH"
"120","芸術哲学. 美学","119","","0","0","2023-08-01 0:00:00","2023-08-01 0:00:00","PATCH"
"121","東洋思想","120","","0","0","2023-08-01 0:00:00","2023-08-01 0:00:00","PATCH"
"122","日本思想","121","","0","0","2023-08-01 0:00:00","2023-08-01 0:00:00","PATCH"
"123","中国思想. 中国哲学","122","","0","0","2023-08-01 0:00:00","2023-08-01 0:00:00","PATCH"
"124","経書","123","","0","0","2023-08-01 0:00:00","2023-08-01 0:00:00","PATCH"
"125","先秦思想. 諸子百家","124","","0","0","2023-08-01 0:00:00","2023-08-01 0:00:00","PATCH"
"126","中世思想. 近代思想","125","","0","0","2023-08-01 0:00:00","2023-08-01 0:00:00","PATCH"
"127","インド哲学. バラモン教","126","","0","0","2023-08-01 0:00:00","2023-08-01 0:00:00","PATCH"
"128","","127","","0","0","2023-08-01 0:00:00","2023-08-01 0:00:00","PATCH"
"129","","128","","0","0","2023-08-01 0:00:00","2023-08-01 0:00:00","PATCH"
"130","その他の東洋思想. アジア哲学","129","","0","0","2023-08-01 0:00:00","2023-08-01 0:00:00","PATCH"
"131","西洋哲学","130","","0","0","2023-08-01 0:00:00","2023-08-01 0:00:00","PATCH"
"132","古代哲学","131","","0","0","2023-08-01 0:00:00","2023-08-01 0:00:00","PATCH"
"133","中世哲学","132","","0","0","2023-08-01 0:00:00","2023-08-01 0:00:00","PATCH"
"134","近代哲学","133","","0","0","2023-08-01 0:00:00","2023-08-01 0:00:00","PATCH"
"135","ドイツ・オーストリア哲学","134","","0","0","2023-08-01 0:00:00","2023-08-01 0:00:00","PATCH"
"136","フランス・オランダ哲学","135","","0","0","2023-08-01 0:00:00","2023-08-01 0:00:00","PATCH"
"137","スペイン・ポルトガル哲学","136","","0","0","2023-08-01 0:00:00","2023-08-01 0:00:00","PATCH"
"138","イタリア哲学","137","","0","0","2023-08-01 0:00:00","2023-08-01 0:00:00","PATCH"
"139","ロシア哲学","138","","0","0","2023-08-01 0:00:00","2023-08-01 0:00:00","PATCH"
"140","その他の哲学","139","","0","0","2023-08-01 0:00:00","2023-08-01 0:00:00","PATCH"
"141","心理学","140","","0","0","2023-08-01 0:00:00","2023-08-01 0:00:00","PATCH"
"142","普通心理学. 心理各論","141","","0","0","2023-08-01 0:00:00","2023-08-01 0:00:00","PATCH"
"143","","142","","0","0","2023-08-01 0:00:00","2023-08-01 0:00:00","PATCH"
"144","発達心理学","143","","0","0","2023-08-01 0:00:00","2023-08-01 0:00:00","PATCH"
"145","","144","","0","0","2023-08-01 0:00:00","2023-08-01 0:00:00","PATCH"
"146","異常心理学","145","","0","0","2023-08-01 0:00:00","2023-08-01 0:00:00","PATCH"
"147","臨床心理学. 精神分析学","146","","0","0","2023-08-01 0:00:00","2023-08-01 0:00:00","PATCH"
"148","超心理学. 心霊研究","147","","0","0","2023-08-01 0:00:00","2023-08-01 0:00:00","PATCH"
"149","相法. 易占","148","","0","0","2023-08-01 0:00:00","2023-08-01 0:00:00","PATCH"
"150","応用心理学","149","","0","0","2023-08-01 0:00:00","2023-08-01 0:00:00","PATCH"
"151","倫理学. 道徳","150","","0","0","2023-08-01 0:00:00","2023-08-01 0:00:00","PATCH"
"152","倫理各論","151","","0","0","2023-08-01 0:00:00","2023-08-01 0:00:00","PATCH"
"153","家庭倫理. 性倫理","152","","0","0","2023-08-01 0:00:00","2023-08-01 0:00:00","PATCH"
"154","職業倫理","153","","0","0","2023-08-01 0:00:00","2023-08-01 0:00:00","PATCH"
"155","社会倫理［社会道徳］","154","","0","0","2023-08-01 0:00:00","2023-08-01 0:00:00","PATCH"
"156","国体論. 詔勅","155","","0","0","2023-08-01 0:00:00","2023-08-01 0:00:00","PATCH"
"157","武士道","156","","0","0","2023-08-01 0:00:00","2023-08-01 0:00:00","PATCH"
"158","報徳教. 石門心学","157","","0","0","2023-08-01 0:00:00","2023-08-01 0:00:00","PATCH"
"159","その他の特定主題","158","","0","0","2023-08-01 0:00:00","2023-08-01 0:00:00","PATCH"
"160","人生訓. 教訓","159","","0","0","2023-08-01 0:00:00","2023-08-01 0:00:00","PATCH"
"161","宗教","160","","0","0","2023-08-01 0:00:00","2023-08-01 0:00:00","PATCH"
"162","宗教学. 宗教思想","161","","0","0","2023-08-01 0:00:00","2023-08-01 0:00:00","PATCH"
"163","宗教史・事情","162","","0","0","2023-08-01 0:00:00","2023-08-01 0:00:00","PATCH"
"164","原始宗教. 宗教民族学","163","","0","0","2023-08-01 0:00:00","2023-08-01 0:00:00","PATCH"
"165","神話. 神話学","164","","0","0","2023-08-01 0:00:00","2023-08-01 0:00:00","PATCH"
"166","比較宗教","165","","0","0","2023-08-01 0:00:00","2023-08-01 0:00:00","PATCH"
"167","道教","166","","0","0","2023-08-01 0:00:00","2023-08-01 0:00:00","PATCH"
"168","イスラム","167","","0","0","2023-08-01 0:00:00","2023-08-01 0:00:00","PATCH"
"169","ヒンズー教. ジャイナ教","168","","0","0","2023-08-01 0:00:00","2023-08-01 0:00:00","PATCH"
"170","その他の宗教. 新興宗教","169","","0","0","2023-08-01 0:00:00","2023-08-01 0:00:00","PATCH"
"171","神道","170","","0","0","2023-08-01 0:00:00","2023-08-01 0:00:00","PATCH"
"172","神道思想. 神道説","171","","0","0","2023-08-01 0:00:00","2023-08-01 0:00:00","PATCH"
"173","神祇・神道史","172","","0","0","2023-08-01 0:00:00","2023-08-01 0:00:00","PATCH"
"174","神典","173","","0","0","2023-08-01 0:00:00","2023-08-01 0:00:00","PATCH"
"175","信仰録. 説教集","174","","0","0","2023-08-01 0:00:00","2023-08-01 0:00:00","PATCH"
"176","神社. 神職","175","","0","0","2023-08-01 0:00:00","2023-08-01 0:00:00","PATCH"
"177","祭祀","176","","0","0","2023-08-01 0:00:00","2023-08-01 0:00:00","PATCH"
"178","布教. 伝道","177","","0","0","2023-08-01 0:00:00","2023-08-01 0:00:00","PATCH"
"179","各教派. 教派神道","178","","0","0","2023-08-01 0:00:00","2023-08-01 0:00:00","PATCH"
"180","","179","","0","0","2023-08-01 0:00:00","2023-08-01 0:00:00","PATCH"
"181","仏教","180","","0","0","2023-08-01 0:00:00","2023-08-01 0:00:00","PATCH"
"182","仏教教理. 仏教哲学","181","","0","0","2023-08-01 0:00:00","2023-08-01 0:00:00","PATCH"
"183","仏教史","182","","0","0","2023-08-01 0:00:00","2023-08-01 0:00:00","PATCH"
"184","経典","183","","0","0","2023-08-01 0:00:00","2023-08-01 0:00:00","PATCH"
"185","法話・説教集","184","","0","0","2023-08-01 0:00:00","2023-08-01 0:00:00","PATCH"
"186","寺院. 僧職","185","","0","0","2023-08-01 0:00:00","2023-08-01 0:00:00","PATCH"
"187","仏会","186","","0","0","2023-08-01 0:00:00","2023-08-01 0:00:00","PATCH"
"188","布教. 伝道","187","","0","0","2023-08-01 0:00:00","2023-08-01 0:00:00","PATCH"
"189","各宗","188","","0","0","2023-08-01 0:00:00","2023-08-01 0:00:00","PATCH"
"190","","189","","0","0","2023-08-01 0:00:00","2023-08-01 0:00:00","PATCH"
"191","キリスト教","190","","0","0","2023-08-01 0:00:00","2023-08-01 0:00:00","PATCH"
"192","教義. キリスト教神学","191","","0","0","2023-08-01 0:00:00","2023-08-01 0:00:00","PATCH"
"193","キリスト教史. 迫害史","192","","0","0","2023-08-01 0:00:00","2023-08-01 0:00:00","PATCH"
"194","聖書","193","","0","0","2023-08-01 0:00:00","2023-08-01 0:00:00","PATCH"
"195","信仰録. 説教集","194","","0","0","2023-08-01 0:00:00","2023-08-01 0:00:00","PATCH"
"196","教会. 聖職","195","","0","0","2023-08-01 0:00:00","2023-08-01 0:00:00","PATCH"
"197","典礼. 祭式. 礼拝","196","","0","0","2023-08-01 0:00:00","2023-08-01 0:00:00","PATCH"
"198","布教. 伝道","197","","0","0","2023-08-01 0:00:00","2023-08-01 0:00:00","PATCH"
"199","各教派. 教会史","198","","0","0","2023-08-01 0:00:00","2023-08-01 0:00:00","PATCH"
"200","ユダヤ教","199","","0","0","2023-08-01 0:00:00","2023-08-01 0:00:00","PATCH"
"201","歴史","200","","0","0","2023-08-01 0:00:00","2023-08-01 0:00:00","PATCH"
"202","歴史学","201","","0","0","2023-08-01 0:00:00","2023-08-01 0:00:00","PATCH"
"203","歴史補助学","202","","0","0","2023-08-01 0:00:00","2023-08-01 0:00:00","PATCH"
"204","参考図書［レファレンスブック］","203","","0","0","2023-08-01 0:00:00","2023-08-01 0:00:00","PATCH"
"205","論文集. 評論集. 講演集","204","","0","0","2023-08-01 0:00:00","2023-08-01 0:00:00","PATCH"
"206","逐次刊行物","205","","0","0","2023-08-01 0:00:00","2023-08-01 0:00:00","PATCH"
"207","団体：学会，協会，会議","206","","0","0","2023-08-01 0:00:00","2023-08-01 0:00:00","PATCH"
"208","研究法. 指導法. 歴史教育","207","","0","0","2023-08-01 0:00:00","2023-08-01 0:00:00","PATCH"
"209","叢書. 全集. 選集","208","","0","0","2023-08-01 0:00:00","2023-08-01 0:00:00","PATCH"
"210","世界史. 文化史","209","","0","0","2023-08-01 0:00:00","2023-08-01 0:00:00","PATCH"
"211","日本史","210","","0","0","2023-08-01 0:00:00","2023-08-01 0:00:00","PATCH"
"212","北海道地方","211","","0","0","2023-08-01 0:00:00","2023-08-01 0:00:00","PATCH"
"213","東北地方","212","","0","0","2023-08-01 0:00:00","2023-08-01 0:00:00","PATCH"
"214","関東地方","213","","0","0","2023-08-01 0:00:00","2023-08-01 0:00:00","PATCH"
"215","北陸地方","214","","0","0","2023-08-01 0:00:00","2023-08-01 0:00:00","PATCH"
"216","中部地方：東山・東海地方","215","","0","0","2023-08-01 0:00:00","2023-08-01 0:00:00","PATCH"
"217","近畿地方","216","","0","0","2023-08-01 0:00:00","2023-08-01 0:00:00","PATCH"
"218","中国地方","217","","0","0","2023-08-01 0:00:00","2023-08-01 0:00:00","PATCH"
"219","四国地方","218","","0","0","2023-08-01 0:00:00","2023-08-01 0:00:00","PATCH"
"220","九州地方","219","","0","0","2023-08-01 0:00:00","2023-08-01 0:00:00","PATCH"
"221","アジア史. 東洋史","220","","0","0","2023-08-01 0:00:00","2023-08-01 0:00:00","PATCH"
"222","","221","","0","0","2023-08-01 0:00:00","2023-08-01 0:00:00","PATCH"
"223","","222","","0","0","2023-08-01 0:00:00","2023-08-01 0:00:00","PATCH"
"224","","223","","0","0","2023-08-01 0:00:00","2023-08-01 0:00:00","PATCH"
"225","","224","","0","0","2023-08-01 0:00:00","2023-08-01 0:00:00","PATCH"
"226","","225","","0","0","2023-08-01 0:00:00","2023-08-01 0:00:00","PATCH"
"227","","226","","0","0","2023-08-01 0:00:00","2023-08-01 0:00:00","PATCH"
"228","","227","","0","0","2023-08-01 0:00:00","2023-08-01 0:00:00","PATCH"
"229","","228","","0","0","2023-08-01 0:00:00","2023-08-01 0:00:00","PATCH"
"230","","229","","0","0","2023-08-01 0:00:00","2023-08-01 0:00:00","PATCH"
"231","ヨーロッパ史. 西洋史","230","","0","0","2023-08-01 0:00:00","2023-08-01 0:00:00","PATCH"
"232","","231","","0","0","2023-08-01 0:00:00","2023-08-01 0:00:00","PATCH"
"233","","232","","0","0","2023-08-01 0:00:00","2023-08-01 0:00:00","PATCH"
"234","","233","","0","0","2023-08-01 0:00:00","2023-08-01 0:00:00","PATCH"
"235","","234","","0","0","2023-08-01 0:00:00","2023-08-01 0:00:00","PATCH"
"236","","235","","0","0","2023-08-01 0:00:00","2023-08-01 0:00:00","PATCH"
"237","","236","","0","0","2023-08-01 0:00:00","2023-08-01 0:00:00","PATCH"
"238","","237","","0","0","2023-08-01 0:00:00","2023-08-01 0:00:00","PATCH"
"239","","238","","0","0","2023-08-01 0:00:00","2023-08-01 0:00:00","PATCH"
"240","","239","","0","0","2023-08-01 0:00:00","2023-08-01 0:00:00","PATCH"
"241","アフリカ史","240","","0","0","2023-08-01 0:00:00","2023-08-01 0:00:00","PATCH"
"242","","241","","0","0","2023-08-01 0:00:00","2023-08-01 0:00:00","PATCH"
"243","","242","","0","0","2023-08-01 0:00:00","2023-08-01 0:00:00","PATCH"
"244","","243","","0","0","2023-08-01 0:00:00","2023-08-01 0:00:00","PATCH"
"245","","244","","0","0","2023-08-01 0:00:00","2023-08-01 0:00:00","PATCH"
"246","","245","","0","0","2023-08-01 0:00:00","2023-08-01 0:00:00","PATCH"
"247","","246","","0","0","2023-08-01 0:00:00","2023-08-01 0:00:00","PATCH"
"248","","247","","0","0","2023-08-01 0:00:00","2023-08-01 0:00:00","PATCH"
"249","","248","","0","0","2023-08-01 0:00:00","2023-08-01 0:00:00","PATCH"
"250","","249","","0","0","2023-08-01 0:00:00","2023-08-01 0:00:00","PATCH"
"251","北アメリカ史","250","","0","0","2023-08-01 0:00:00","2023-08-01 0:00:00","PATCH"
"252","","251","","0","0","2023-08-01 0:00:00","2023-08-01 0:00:00","PATCH"
"253","","252","","0","0","2023-08-01 0:00:00","2023-08-01 0:00:00","PATCH"
"254","","253","","0","0","2023-08-01 0:00:00","2023-08-01 0:00:00","PATCH"
"255","","254","","0","0","2023-08-01 0:00:00","2023-08-01 0:00:00","PATCH"
"256","","255","","0","0","2023-08-01 0:00:00","2023-08-01 0:00:00","PATCH"
"257","","256","","0","0","2023-08-01 0:00:00","2023-08-01 0:00:00","PATCH"
"258","","257","","0","0","2023-08-01 0:00:00","2023-08-01 0:00:00","PATCH"
"259","","258","","0","0","2023-08-01 0:00:00","2023-08-01 0:00:00","PATCH"
"260","","259","","0","0","2023-08-01 0:00:00","2023-08-01 0:00:00","PATCH"
"261","南アメリカ史","260","","0","0","2023-08-01 0:00:00","2023-08-01 0:00:00","PATCH"
"262","","261","","0","0","2023-08-01 0:00:00","2023-08-01 0:00:00","PATCH"
"263","","262","","0","0","2023-08-01 0:00:00","2023-08-01 0:00:00","PATCH"
"264","","263","","0","0","2023-08-01 0:00:00","2023-08-01 0:00:00","PATCH"
"265","","264","","0","0","2023-08-01 0:00:00","2023-08-01 0:00:00","PATCH"
"266","","265","","0","0","2023-08-01 0:00:00","2023-08-01 0:00:00","PATCH"
"267","","266","","0","0","2023-08-01 0:00:00","2023-08-01 0:00:00","PATCH"
"268","","267","","0","0","2023-08-01 0:00:00","2023-08-01 0:00:00","PATCH"
"269","","268","","0","0","2023-08-01 0:00:00","2023-08-01 0:00:00","PATCH"
"270","","269","","0","0","2023-08-01 0:00:00","2023-08-01 0:00:00","PATCH"
"271","オセアニア史. 両極地方史","270","","0","0","2023-08-01 0:00:00","2023-08-01 0:00:00","PATCH"
"272","","271","","0","0","2023-08-01 0:00:00","2023-08-01 0:00:00","PATCH"
"273","","272","","0","0","2023-08-01 0:00:00","2023-08-01 0:00:00","PATCH"
"274","","273","","0","0","2023-08-01 0:00:00","2023-08-01 0:00:00","PATCH"
"275","","274","","0","0","2023-08-01 0:00:00","2023-08-01 0:00:00","PATCH"
"276","","275","","0","0","2023-08-01 0:00:00","2023-08-01 0:00:00","PATCH"
"277","","276","","0","0","2023-08-01 0:00:00","2023-08-01 0:00:00","PATCH"
"278","","277","","0","0","2023-08-01 0:00:00","2023-08-01 0:00:00","PATCH"
"279","","278","","0","0","2023-08-01 0:00:00","2023-08-01 0:00:00","PATCH"
"280","","279","","0","0","2023-08-01 0:00:00","2023-08-01 0:00:00","PATCH"
"281","伝記","280","","0","0","2023-08-01 0:00:00","2023-08-01 0:00:00","PATCH"
"282","","281","","0","0","2023-08-01 0:00:00","2023-08-01 0:00:00","PATCH"
"283","","282","","0","0","2023-08-01 0:00:00","2023-08-01 0:00:00","PATCH"
"284","","283","","0","0","2023-08-01 0:00:00","2023-08-01 0:00:00","PATCH"
"285","","284","","0","0","2023-08-01 0:00:00","2023-08-01 0:00:00","PATCH"
"286","","285","","0","0","2023-08-01 0:00:00","2023-08-01 0:00:00","PATCH"
"287","","286","","0","0","2023-08-01 0:00:00","2023-08-01 0:00:00","PATCH"
"288","","287","","0","0","2023-08-01 0:00:00","2023-08-01 0:00:00","PATCH"
"289","","288","","0","0","2023-08-01 0:00:00","2023-08-01 0:00:00","PATCH"
"290","","289","","0","0","2023-08-01 0:00:00","2023-08-01 0:00:00","PATCH"
"291","地理. 地誌. 紀行","290","","0","0","2023-08-01 0:00:00","2023-08-01 0:00:00","PATCH"
"292","","291","","0","0","2023-08-01 0:00:00","2023-08-01 0:00:00","PATCH"
"293","","292","","0","0","2023-08-01 0:00:00","2023-08-01 0:00:00","PATCH"
"294","","293","","0","0","2023-08-01 0:00:00","2023-08-01 0:00:00","PATCH"
"295","","294","","0","0","2023-08-01 0:00:00","2023-08-01 0:00:00","PATCH"
"296","","295","","0","0","2023-08-01 0:00:00","2023-08-01 0:00:00","PATCH"
"297","","296","","0","0","2023-08-01 0:00:00","2023-08-01 0:00:00","PATCH"
"298","","297","","0","0","2023-08-01 0:00:00","2023-08-01 0:00:00","PATCH"
"299","","298","","0","0","2023-08-01 0:00:00","2023-08-01 0:00:00","PATCH"
"300","","299","","0","0","2023-08-01 0:00:00","2023-08-01 0:00:00","PATCH"
"301","社会科学","300","","0","0","2023-08-01 0:00:00","2023-08-01 0:00:00","PATCH"
"302","","301","","0","0","2023-08-01 0:00:00","2023-08-01 0:00:00","PATCH"
"303","","302","","0","0","2023-08-01 0:00:00","2023-08-01 0:00:00","PATCH"
"304","","303","","0","0","2023-08-01 0:00:00","2023-08-01 0:00:00","PATCH"
"305","","304","","0","0","2023-08-01 0:00:00","2023-08-01 0:00:00","PATCH"
"306","","305","","0","0","2023-08-01 0:00:00","2023-08-01 0:00:00","PATCH"
"307","","306","","0","0","2023-08-01 0:00:00","2023-08-01 0:00:00","PATCH"
"308","","307","","0","0","2023-08-01 0:00:00","2023-08-01 0:00:00","PATCH"
"309","","308","","0","0","2023-08-01 0:00:00","2023-08-01 0:00:00","PATCH"
"310","","309","","0","0","2023-08-01 0:00:00","2023-08-01 0:00:00","PATCH"
"311","政治","310","","0","0","2023-08-01 0:00:00","2023-08-01 0:00:00","PATCH"
"312","","311","","0","0","2023-08-01 0:00:00","2023-08-01 0:00:00","PATCH"
"313","","312","","0","0","2023-08-01 0:00:00","2023-08-01 0:00:00","PATCH"
"314","","313","","0","0","2023-08-01 0:00:00","2023-08-01 0:00:00","PATCH"
"315","","314","","0","0","2023-08-01 0:00:00","2023-08-01 0:00:00","PATCH"
"316","","315","","0","0","2023-08-01 0:00:00","2023-08-01 0:00:00","PATCH"
"317","","316","","0","0","2023-08-01 0:00:00","2023-08-01 0:00:00","PATCH"
"318","","317","","0","0","2023-08-01 0:00:00","2023-08-01 0:00:00","PATCH"
"319","","318","","0","0","2023-08-01 0:00:00","2023-08-01 0:00:00","PATCH"
"320","","319","","0","0","2023-08-01 0:00:00","2023-08-01 0:00:00","PATCH"
"321","法律","320","","0","0","2023-08-01 0:00:00","2023-08-01 0:00:00","PATCH"
"322","","321","","0","0","2023-08-01 0:00:00","2023-08-01 0:00:00","PATCH"
"323","","322","","0","0","2023-08-01 0:00:00","2023-08-01 0:00:00","PATCH"
"324","","323","","0","0","2023-08-01 0:00:00","2023-08-01 0:00:00","PATCH"
"325","","324","","0","0","2023-08-01 0:00:00","2023-08-01 0:00:00","PATCH"
"326","","325","","0","0","2023-08-01 0:00:00","2023-08-01 0:00:00","PATCH"
"327","","326","","0","0","2023-08-01 0:00:00","2023-08-01 0:00:00","PATCH"
"328","","327","","0","0","2023-08-01 0:00:00","2023-08-01 0:00:00","PATCH"
"329","","328","","0","0","2023-08-01 0:00:00","2023-08-01 0:00:00","PATCH"
"330","","329","","0","0","2023-08-01 0:00:00","2023-08-01 0:00:00","PATCH"
"331","経済","330","","0","0","2023-08-01 0:00:00","2023-08-01 0:00:00","PATCH"
"332","","331","","0","0","2023-08-01 0:00:00","2023-08-01 0:00:00","PATCH"
"333","","332","","0","0","2023-08-01 0:00:00","2023-08-01 0:00:00","PATCH"
"334","","333","","0","0","2023-08-01 0:00:00","2023-08-01 0:00:00","PATCH"
"335","","334","","0","0","2023-08-01 0:00:00","2023-08-01 0:00:00","PATCH"
"336","","335","","0","0","2023-08-01 0:00:00","2023-08-01 0:00:00","PATCH"
"337","","336","","0","0","2023-08-01 0:00:00","2023-08-01 0:00:00","PATCH"
"338","","337","","0","0","2023-08-01 0:00:00","2023-08-01 0:00:00","PATCH"
"339","","338","","0","0","2023-08-01 0:00:00","2023-08-01 0:00:00","PATCH"
"340","","339","","0","0","2023-08-01 0:00:00","2023-08-01 0:00:00","PATCH"
"341","財政","340","","0","0","2023-08-01 0:00:00","2023-08-01 0:00:00","PATCH"
"342","","341","","0","0","2023-08-01 0:00:00","2023-08-01 0:00:00","PATCH"
"343","","342","","0","0","2023-08-01 0:00:00","2023-08-01 0:00:00","PATCH"
"344","","343","","0","0","2023-08-01 0:00:00","2023-08-01 0:00:00","PATCH"
"345","","344","","0","0","2023-08-01 0:00:00","2023-08-01 0:00:00","PATCH"
"346","","345","","0","0","2023-08-01 0:00:00","2023-08-01 0:00:00","PATCH"
"347","","346","","0","0","2023-08-01 0:00:00","2023-08-01 0:00:00","PATCH"
"348","","347","","0","0","2023-08-01 0:00:00","2023-08-01 0:00:00","PATCH"
"349","","348","","0","0","2023-08-01 0:00:00","2023-08-01 0:00:00","PATCH"
"350","","349","","0","0","2023-08-01 0:00:00","2023-08-01 0:00:00","PATCH"
"351","統計","350","","0","0","2023-08-01 0:00:00","2023-08-01 0:00:00","PATCH"
"352","","351","","0","0","2023-08-01 0:00:00","2023-08-01 0:00:00","PATCH"
"353","","352","","0","0","2023-08-01 0:00:00","2023-08-01 0:00:00","PATCH"
"354","","353","","0","0","2023-08-01 0:00:00","2023-08-01 0:00:00","PATCH"
"355","","354","","0","0","2023-08-01 0:00:00","2023-08-01 0:00:00","PATCH"
"356","","355","","0","0","2023-08-01 0:00:00","2023-08-01 0:00:00","PATCH"
"357","","356","","0","0","2023-08-01 0:00:00","2023-08-01 0:00:00","PATCH"
"358","","357","","0","0","2023-08-01 0:00:00","2023-08-01 0:00:00","PATCH"
"359","","358","","0","0","2023-08-01 0:00:00","2023-08-01 0:00:00","PATCH"
"360","","359","","0","0","2023-08-01 0:00:00","2023-08-01 0:00:00","PATCH"
"361","社会","360","","0","0","2023-08-01 0:00:00","2023-08-01 0:00:00","PATCH"
"362","","361","","0","0","2023-08-01 0:00:00","2023-08-01 0:00:00","PATCH"
"363","","362","","0","0","2023-08-01 0:00:00","2023-08-01 0:00:00","PATCH"
"364","","363","","0","0","2023-08-01 0:00:00","2023-08-01 0:00:00","PATCH"
"365","","364","","0","0","2023-08-01 0:00:00","2023-08-01 0:00:00","PATCH"
"366","","365","","0","0","2023-08-01 0:00:00","2023-08-01 0:00:00","PATCH"
"367","","366","","0","0","2023-08-01 0:00:00","2023-08-01 0:00:00","PATCH"
"368","","367","","0","0","2023-08-01 0:00:00","2023-08-01 0:00:00","PATCH"
"369","","368","","0","0","2023-08-01 0:00:00","2023-08-01 0:00:00","PATCH"
"370","","369","","0","0","2023-08-01 0:00:00","2023-08-01 0:00:00","PATCH"
"371","教育","370","","0","0","2023-08-01 0:00:00","2023-08-01 0:00:00","PATCH"
"372","","371","","0","0","2023-08-01 0:00:00","2023-08-01 0:00:00","PATCH"
"373","","372","","0","0","2023-08-01 0:00:00","2023-08-01 0:00:00","PATCH"
"374","","373","","0","0","2023-08-01 0:00:00","2023-08-01 0:00:00","PATCH"
"375","","374","","0","0","2023-08-01 0:00:00","2023-08-01 0:00:00","PATCH"
"376","","375","","0","0","2023-08-01 0:00:00","2023-08-01 0:00:00","PATCH"
"377","","376","","0","0","2023-08-01 0:00:00","2023-08-01 0:00:00","PATCH"
"378","","377","","0","0","2023-08-01 0:00:00","2023-08-01 0:00:00","PATCH"
"379","","378","","0","0","2023-08-01 0:00:00","2023-08-01 0:00:00","PATCH"
"380","","379","","0","0","2023-08-01 0:00:00","2023-08-01 0:00:00","PATCH"
"381","風俗習慣. 民俗学. 民族学","380","","0","0","2023-08-01 0:00:00","2023-08-01 0:00:00","PATCH"
"382","","381","","0","0","2023-08-01 0:00:00","2023-08-01 0:00:00","PATCH"
"383","","382","","0","0","2023-08-01 0:00:00","2023-08-01 0:00:00","PATCH"
"384","","383","","0","0","2023-08-01 0:00:00","2023-08-01 0:00:00","PATCH"
"385","","384","","0","0","2023-08-01 0:00:00","2023-08-01 0:00:00","PATCH"
"386","","385","","0","0","2023-08-01 0:00:00","2023-08-01 0:00:00","PATCH"
"387","","386","","0","0","2023-08-01 0:00:00","2023-08-01 0:00:00","PATCH"
"388","","387","","0","0","2023-08-01 0:00:00","2023-08-01 0:00:00","PATCH"
"389","","388","","0","0","2023-08-01 0:00:00","2023-08-01 0:00:00","PATCH"
"390","","389","","0","0","2023-08-01 0:00:00","2023-08-01 0:00:00","PATCH"
"391","国防. 軍事","390","","0","0","2023-08-01 0:00:00","2023-08-01 0:00:00","PATCH"
"392","","391","","0","0","2023-08-01 0:00:00","2023-08-01 0:00:00","PATCH"
"393","","392","","0","0","2023-08-01 0:00:00","2023-08-01 0:00:00","PATCH"
"394","","393","","0","0","2023-08-01 0:00:00","2023-08-01 0:00:00","PATCH"
"395","","394","","0","0","2023-08-01 0:00:00","2023-08-01 0:00:00","PATCH"
"396","","395","","0","0","2023-08-01 0:00:00","2023-08-01 0:00:00","PATCH"
"397","","396","","0","0","2023-08-01 0:00:00","2023-08-01 0:00:00","PATCH"
"398","","397","","0","0","2023-08-01 0:00:00","2023-08-01 0:00:00","PATCH"
"399","","398","","0","0","2023-08-01 0:00:00","2023-08-01 0:00:00","PATCH"
"400","","399","","0","0","2023-08-01 0:00:00","2023-08-01 0:00:00","PATCH"
"401","自然科学","400","","0","0","2023-08-01 0:00:00","2023-08-01 0:00:00","PATCH"
"402","","401","","0","0","2023-08-01 0:00:00","2023-08-01 0:00:00","PATCH"
"403","","402","","0","0","2023-08-01 0:00:00","2023-08-01 0:00:00","PATCH"
"404","","403","","0","0","2023-08-01 0:00:00","2023-08-01 0:00:00","PATCH"
"405","","404","","0","0","2023-08-01 0:00:00","2023-08-01 0:00:00","PATCH"
"406","","405","","0","0","2023-08-01 0:00:00","2023-08-01 0:00:00","PATCH"
"407","","406","","0","0","2023-08-01 0:00:00","2023-08-01 0:00:00","PATCH"
"408","","407","","0","0","2023-08-01 0:00:00","2023-08-01 0:00:00","PATCH"
"409","","408","","0","0","2023-08-01 0:00:00","2023-08-01 0:00:00","PATCH"
"410","","409","","0","0","2023-08-01 0:00:00","2023-08-01 0:00:00","PATCH"
"411","数学","410","","0","0","2023-08-01 0:00:00","2023-08-01 0:00:00","PATCH"
"412","","411","","0","0","2023-08-01 0:00:00","2023-08-01 0:00:00","PATCH"
"413","","412","","0","0","2023-08-01 0:00:00","2023-08-01 0:00:00","PATCH"
"414","","413","","0","0","2023-08-01 0:00:00","2023-08-01 0:00:00","PATCH"
"415","","414","","0","0","2023-08-01 0:00:00","2023-08-01 0:00:00","PATCH"
"416","","415","","0","0","2023-08-01 0:00:00","2023-08-01 0:00:00","PATCH"
"417","","416","","0","0","2023-08-01 0:00:00","2023-08-01 0:00:00","PATCH"
"418","","417","","0","0","2023-08-01 0:00:00","2023-08-01 0:00:00","PATCH"
"419","","418","","0","0","2023-08-01 0:00:00","2023-08-01 0:00:00","PATCH"
"420","","419","","0","0","2023-08-01 0:00:00","2023-08-01 0:00:00","PATCH"
"421","物理学","420","","0","0","2023-08-01 0:00:00","2023-08-01 0:00:00","PATCH"
"422","","421","","0","0","2023-08-01 0:00:00","2023-08-01 0:00:00","PATCH"
"423","","422","","0","0","2023-08-01 0:00:00","2023-08-01 0:00:00","PATCH"
"424","","423","","0","0","2023-08-01 0:00:00","2023-08-01 0:00:00","PATCH"
"425","","424","","0","0","2023-08-01 0:00:00","2023-08-01 0:00:00","PATCH"
"426","","425","","0","0","2023-08-01 0:00:00","2023-08-01 0:00:00","PATCH"
"427","","426","","0","0","2023-08-01 0:00:00","2023-08-01 0:00:00","PATCH"
"428","","427","","0","0","2023-08-01 0:00:00","2023-08-01 0:00:00","PATCH"
"429","","428","","0","0","2023-08-01 0:00:00","2023-08-01 0:00:00","PATCH"
"430","","429","","0","0","2023-08-01 0:00:00","2023-08-01 0:00:00","PATCH"
"431","化学","430","","0","0","2023-08-01 0:00:00","2023-08-01 0:00:00","PATCH"
"432","","431","","0","0","2023-08-01 0:00:00","2023-08-01 0:00:00","PATCH"
"433","","432","","0","0","2023-08-01 0:00:00","2023-08-01 0:00:00","PATCH"
"434","","433","","0","0","2023-08-01 0:00:00","2023-08-01 0:00:00","PATCH"
"435","","434","","0","0","2023-08-01 0:00:00","2023-08-01 0:00:00","PATCH"
"436","","435","","0","0","2023-08-01 0:00:00","2023-08-01 0:00:00","PATCH"
"437","","436","","0","0","2023-08-01 0:00:00","2023-08-01 0:00:00","PATCH"
"438","","437","","0","0","2023-08-01 0:00:00","2023-08-01 0:00:00","PATCH"
"439","","438","","0","0","2023-08-01 0:00:00","2023-08-01 0:00:00","PATCH"
"440","","439","","0","0","2023-08-01 0:00:00","2023-08-01 0:00:00","PATCH"
"441","天文学. 宇宙科学","440","","0","0","2023-08-01 0:00:00","2023-08-01 0:00:00","PATCH"
"442","","441","","0","0","2023-08-01 0:00:00","2023-08-01 0:00:00","PATCH"
"443","","442","","0","0","2023-08-01 0:00:00","2023-08-01 0:00:00","PATCH"
"444","","443","","0","0","2023-08-01 0:00:00","2023-08-01 0:00:00","PATCH"
"445","","444","","0","0","2023-08-01 0:00:00","2023-08-01 0:00:00","PATCH"
"446","","445","","0","0","2023-08-01 0:00:00","2023-08-01 0:00:00","PATCH"
"447","","446","","0","0","2023-08-01 0:00:00","2023-08-01 0:00:00","PATCH"
"448","","447","","0","0","2023-08-01 0:00:00","2023-08-01 0:00:00","PATCH"
"449","","448","","0","0","2023-08-01 0:00:00","2023-08-01 0:00:00","PATCH"
"450","","449","","0","0","2023-08-01 0:00:00","2023-08-01 0:00:00","PATCH"
"451","地球科学. 地学","450","","0","0","2023-08-01 0:00:00","2023-08-01 0:00:00","PATCH"
"452","","451","","0","0","2023-08-01 0:00:00","2023-08-01 0:00:00","PATCH"
"453","","452","","0","0","2023-08-01 0:00:00","2023-08-01 0:00:00","PATCH"
"454","","453","","0","0","2023-08-01 0:00:00","2023-08-01 0:00:00","PATCH"
"455","","454","","0","0","2023-08-01 0:00:00","2023-08-01 0:00:00","PATCH"
"456","","455","","0","0","2023-08-01 0:00:00","2023-08-01 0:00:00","PATCH"
"457","","456","","0","0","2023-08-01 0:00:00","2023-08-01 0:00:00","PATCH"
"458","","457","","0","0","2023-08-01 0:00:00","2023-08-01 0:00:00","PATCH"
"459","","458","","0","0","2023-08-01 0:00:00","2023-08-01 0:00:00","PATCH"
"460","","459","","0","0","2023-08-01 0:00:00","2023-08-01 0:00:00","PATCH"
"461","生物科学. 一般生物学","460","","0","0","2023-08-01 0:00:00","2023-08-01 0:00:00","PATCH"
"462","","461","","0","0","2023-08-01 0:00:00","2023-08-01 0:00:00","PATCH"
"463","","462","","0","0","2023-08-01 0:00:00","2023-08-01 0:00:00","PATCH"
"464","","463","","0","0","2023-08-01 0:00:00","2023-08-01 0:00:00","PATCH"
"465","","464","","0","0","2023-08-01 0:00:00","2023-08-01 0:00:00","PATCH"
"466","","465","","0","0","2023-08-01 0:00:00","2023-08-01 0:00:00","PATCH"
"467","","466","","0","0","2023-08-01 0:00:00","2023-08-01 0:00:00","PATCH"
"468","","467","","0","0","2023-08-01 0:00:00","2023-08-01 0:00:00","PATCH"
"469","","468","","0","0","2023-08-01 0:00:00","2023-08-01 0:00:00","PATCH"
"470","","469","","0","0","2023-08-01 0:00:00","2023-08-01 0:00:00","PATCH"
"471","植物学","470","","0","0","2023-08-01 0:00:00","2023-08-01 0:00:00","PATCH"
"472","","471","","0","0","2023-08-01 0:00:00","2023-08-01 0:00:00","PATCH"
"473","","472","","0","0","2023-08-01 0:00:00","2023-08-01 0:00:00","PATCH"
"474","","473","","0","0","2023-08-01 0:00:00","2023-08-01 0:00:00","PATCH"
"475","","474","","0","0","2023-08-01 0:00:00","2023-08-01 0:00:00","PATCH"
"476","","475","","0","0","2023-08-01 0:00:00","2023-08-01 0:00:00","PATCH"
"477","","476","","0","0","2023-08-01 0:00:00","2023-08-01 0:00:00","PATCH"
"478","","477","","0","0","2023-08-01 0:00:00","2023-08-01 0:00:00","PATCH"
"479","","478","","0","0","2023-08-01 0:00:00","2023-08-01 0:00:00","PATCH"
"480","","479","","0","0","2023-08-01 0:00:00","2023-08-01 0:00:00","PATCH"
"481","動物学","480","","0","0","2023-08-01 0:00:00","2023-08-01 0:00:00","PATCH"
"482","","481","","0","0","2023-08-01 0:00:00","2023-08-01 0:00:00","PATCH"
"483","","482","","0","0","2023-08-01 0:00:00","2023-08-01 0:00:00","PATCH"
"484","","483","","0","0","2023-08-01 0:00:00","2023-08-01 0:00:00","PATCH"
"485","","484","","0","0","2023-08-01 0:00:00","2023-08-01 0:00:00","PATCH"
"486","","485","","0","0","2023-08-01 0:00:00","2023-08-01 0:00:00","PATCH"
"487","","486","","0","0","2023-08-01 0:00:00","2023-08-01 0:00:00","PATCH"
"488","","487","","0","0","2023-08-01 0:00:00","2023-08-01 0:00:00","PATCH"
"489","","488","","0","0","2023-08-01 0:00:00","2023-08-01 0:00:00","PATCH"
"490","","489","","0","0","2023-08-01 0:00:00","2023-08-01 0:00:00","PATCH"
"491","医学. 薬学","490","","0","0","2023-08-01 0:00:00","2023-08-01 0:00:00","PATCH"
"492","","491","","0","0","2023-08-01 0:00:00","2023-08-01 0:00:00","PATCH"
"493","","492","","0","0","2023-08-01 0:00:00","2023-08-01 0:00:00","PATCH"
"494","","493","","0","0","2023-08-01 0:00:00","2023-08-01 0:00:00","PATCH"
"495","","494","","0","0","2023-08-01 0:00:00","2023-08-01 0:00:00","PATCH"
"496","","495","","0","0","2023-08-01 0:00:00","2023-08-01 0:00:00","PATCH"
"497","","496","","0","0","2023-08-01 0:00:00","2023-08-01 0:00:00","PATCH"
"498","","497","","0","0","2023-08-01 0:00:00","2023-08-01 0:00:00","PATCH"
"499","","498","","0","0","2023-08-01 0:00:00","2023-08-01 0:00:00","PATCH"
"500","","499","","0","0","2023-08-01 0:00:00","2023-08-01 0:00:00","PATCH"
"501","技術. 工学","500","","0","0","2023-08-01 0:00:00","2023-08-01 0:00:00","PATCH"
"502","","501","","0","0","2023-08-01 0:00:00","2023-08-01 0:00:00","PATCH"
"503","","502","","0","0","2023-08-01 0:00:00","2023-08-01 0:00:00","PATCH"
"504","","503","","0","0","2023-08-01 0:00:00","2023-08-01 0:00:00","PATCH"
"505","","504","","0","0","2023-08-01 0:00:00","2023-08-01 0:00:00","PATCH"
"506","","505","","0","0","2023-08-01 0:00:00","2023-08-01 0:00:00","PATCH"
"507","","506","","0","0","2023-08-01 0:00:00","2023-08-01 0:00:00","PATCH"
"508","","507","","0","0","2023-08-01 0:00:00","2023-08-01 0:00:00","PATCH"
"509","","508","","0","0","2023-08-01 0:00:00","2023-08-01 0:00:00","PATCH"
"510","","509","","0","0","2023-08-01 0:00:00","2023-08-01 0:00:00","PATCH"
"511","建設工学. 土木工事","510","","0","0","2023-08-01 0:00:00","2023-08-01 0:00:00","PATCH"
"512","","511","","0","0","2023-08-01 0:00:00","2023-08-01 0:00:00","PATCH"
"513","","512","","0","0","2023-08-01 0:00:00","2023-08-01 0:00:00","PATCH"
"514","","513","","0","0","2023-08-01 0:00:00","2023-08-01 0:00:00","PATCH"
"515","","514","","0","0","2023-08-01 0:00:00","2023-08-01 0:00:00","PATCH"
"516","","515","","0","0","2023-08-01 0:00:00","2023-08-01 0:00:00","PATCH"
"517","","516","","0","0","2023-08-01 0:00:00","2023-08-01 0:00:00","PATCH"
"518","","517","","0","0","2023-08-01 0:00:00","2023-08-01 0:00:00","PATCH"
"519","","518","","0","0","2023-08-01 0:00:00","2023-08-01 0:00:00","PATCH"
"520","","519","","0","0","2023-08-01 0:00:00","2023-08-01 0:00:00","PATCH"
"521","建築学","520","","0","0","2023-08-01 0:00:00","2023-08-01 0:00:00","PATCH"
"522","","521","","0","0","2023-08-01 0:00:00","2023-08-01 0:00:00","PATCH"
"523","","522","","0","0","2023-08-01 0:00:00","2023-08-01 0:00:00","PATCH"
"524","","523","","0","0","2023-08-01 0:00:00","2023-08-01 0:00:00","PATCH"
"525","","524","","0","0","2023-08-01 0:00:00","2023-08-01 0:00:00","PATCH"
"526","","525","","0","0","2023-08-01 0:00:00","2023-08-01 0:00:00","PATCH"
"527","","526","","0","0","2023-08-01 0:00:00","2023-08-01 0:00:00","PATCH"
"528","","527","","0","0","2023-08-01 0:00:00","2023-08-01 0:00:00","PATCH"
"529","","528","","0","0","2023-08-01 0:00:00","2023-08-01 0:00:00","PATCH"
"530","","529","","0","0","2023-08-01 0:00:00","2023-08-01 0:00:00","PATCH"
"531","機械工学. 原子力工学","530","","0","0","2023-08-01 0:00:00","2023-08-01 0:00:00","PATCH"
"532","","531","","0","0","2023-08-01 0:00:00","2023-08-01 0:00:00","PATCH"
"533","","532","","0","0","2023-08-01 0:00:00","2023-08-01 0:00:00","PATCH"
"534","","533","","0","0","2023-08-01 0:00:00","2023-08-01 0:00:00","PATCH"
"535","","534","","0","0","2023-08-01 0:00:00","2023-08-01 0:00:00","PATCH"
"536","","535","","0","0","2023-08-01 0:00:00","2023-08-01 0:00:00","PATCH"
"537","","536","","0","0","2023-08-01 0:00:00","2023-08-01 0:00:00","PATCH"
"538","","537","","0","0","2023-08-01 0:00:00","2023-08-01 0:00:00","PATCH"
"539","","538","","0","0","2023-08-01 0:00:00","2023-08-01 0:00:00","PATCH"
"540","","539","","0","0","2023-08-01 0:00:00","2023-08-01 0:00:00","PATCH"
"541","電気工学. 電子工学","540","","0","0","2023-08-01 0:00:00","2023-08-01 0:00:00","PATCH"
"542","","541","","0","0","2023-08-01 0:00:00","2023-08-01 0:00:00","PATCH"
"543","","542","","0","0","2023-08-01 0:00:00","2023-08-01 0:00:00","PATCH"
"544","","543","","0","0","2023-08-01 0:00:00","2023-08-01 0:00:00","PATCH"
"545","","544","","0","0","2023-08-01 0:00:00","2023-08-01 0:00:00","PATCH"
"546","","545","","0","0","2023-08-01 0:00:00","2023-08-01 0:00:00","PATCH"
"547","","546","","0","0","2023-08-01 0:00:00","2023-08-01 0:00:00","PATCH"
"548","","547","","0","0","2023-08-01 0:00:00","2023-08-01 0:00:00","PATCH"
"549","","548","","0","0","2023-08-01 0:00:00","2023-08-01 0:00:00","PATCH"
"550","","549","","0","0","2023-08-01 0:00:00","2023-08-01 0:00:00","PATCH"
"551","海洋工学. 船舶工学. 兵器","550","","0","0","2023-08-01 0:00:00","2023-08-01 0:00:00","PATCH"
"552","","551","","0","0","2023-08-01 0:00:00","2023-08-01 0:00:00","PATCH"
"553","","552","","0","0","2023-08-01 0:00:00","2023-08-01 0:00:00","PATCH"
"554","","553","","0","0","2023-08-01 0:00:00","2023-08-01 0:00:00","PATCH"
"555","","554","","0","0","2023-08-01 0:00:00","2023-08-01 0:00:00","PATCH"
"556","","555","","0","0","2023-08-01 0:00:00","2023-08-01 0:00:00","PATCH"
"557","","556","","0","0","2023-08-01 0:00:00","2023-08-01 0:00:00","PATCH"
"558","","557","","0","0","2023-08-01 0:00:00","2023-08-01 0:00:00","PATCH"
"559","","558","","0","0","2023-08-01 0:00:00","2023-08-01 0:00:00","PATCH"
"560","","559","","0","0","2023-08-01 0:00:00","2023-08-01 0:00:00","PATCH"
"561","金属工学. 鉱山工学","560","","0","0","2023-08-01 0:00:00","2023-08-01 0:00:00","PATCH"
"562","","561","","0","0","2023-08-01 0:00:00","2023-08-01 0:00:00","PATCH"
"563","","562","","0","0","2023-08-01 0:00:00","2023-08-01 0:00:00","PATCH"
"564","","563","","0","0","2023-08-01 0:00:00","2023-08-01 0:00:00","PATCH"
"565","","564","","0","0","2023-08-01 0:00:00","2023-08-01 0:00:00","PATCH"
"566","","565","","0","0","2023-08-01 0:00:00","2023-08-01 0:00:00","PATCH"
"567","","566","","0","0","2023-08-01 0:00:00","2023-08-01 0:00:00","PATCH"
"568","","567","","0","0","2023-08-01 0:00:00","2023-08-01 0:00:00","PATCH"
"569","","568","","0","0","2023-08-01 0:00:00","2023-08-01 0:00:00","PATCH"
"570","","569","","0","0","2023-08-01 0:00:00","2023-08-01 0:00:00","PATCH"
"571","化学工業","570","","0","0","2023-08-01 0:00:00","2023-08-01 0:00:00","PATCH"
"572","","571","","0","0","2023-08-01 0:00:00","2023-08-01 0:00:00","PATCH"
"573","","572","","0","0","2023-08-01 0:00:00","2023-08-01 0:00:00","PATCH"
"574","","573","","0","0","2023-08-01 0:00:00","2023-08-01 0:00:00","PATCH"
"575","","574","","0","0","2023-08-01 0:00:00","2023-08-01 0:00:00","PATCH"
"576","","575","","0","0","2023-08-01 0:00:00","2023-08-01 0:00:00","PATCH"
"577","","576","","0","0","2023-08-01 0:00:00","2023-08-01 0:00:00","PATCH"
"578","","577","","0","0","2023-08-01 0:00:00","2023-08-01 0:00:00","PATCH"
"579","","578","","0","0","2023-08-01 0:00:00","2023-08-01 0:00:00","PATCH"
"580","","579","","0","0","2023-08-01 0:00:00","2023-08-01 0:00:00","PATCH"
"581","製造工業","580","","0","0","2023-08-01 0:00:00","2023-08-01 0:00:00","PATCH"
"582","","581","","0","0","2023-08-01 0:00:00","2023-08-01 0:00:00","PATCH"
"583","","582","","0","0","2023-08-01 0:00:00","2023-08-01 0:00:00","PATCH"
"584","","583","","0","0","2023-08-01 0:00:00","2023-08-01 0:00:00","PATCH"
"585","","584","","0","0","2023-08-01 0:00:00","2023-08-01 0:00:00","PATCH"
"586","","585","","0","0","2023-08-01 0:00:00","2023-08-01 0:00:00","PATCH"
"587","","586","","0","0","2023-08-01 0:00:00","2023-08-01 0:00:00","PATCH"
"588","","587","","0","0","2023-08-01 0:00:00","2023-08-01 0:00:00","PATCH"
"589","","588","","0","0","2023-08-01 0:00:00","2023-08-01 0:00:00","PATCH"
"590","","589","","0","0","2023-08-01 0:00:00","2023-08-01 0:00:00","PATCH"
"591","家政学. 生活科学","590","","0","0","2023-08-01 0:00:00","2023-08-01 0:00:00","PATCH"
"592","","591","","0","0","2023-08-01 0:00:00","2023-08-01 0:00:00","PATCH"
"593","","592","","0","0","2023-08-01 0:00:00","2023-08-01 0:00:00","PATCH"
"594","","593","","0","0","2023-08-01 0:00:00","2023-08-01 0:00:00","PATCH"
"595","","594","","0","0","2023-08-01 0:00:00","2023-08-01 0:00:00","PATCH"
"596","","595","","0","0","2023-08-01 0:00:00","2023-08-01 0:00:00","PATCH"
"597","","596","","0","0","2023-08-01 0:00:00","2023-08-01 0:00:00","PATCH"
"598","","597","","0","0","2023-08-01 0:00:00","2023-08-01 0:00:00","PATCH"
"599","","598","","0","0","2023-08-01 0:00:00","2023-08-01 0:00:00","PATCH"
"600","","599","","0","0","2023-08-01 0:00:00","2023-08-01 0:00:00","PATCH"
"601","産業","600","","0","0","2023-08-01 0:00:00","2023-08-01 0:00:00","PATCH"
"602","","601","","0","0","2023-08-01 0:00:00","2023-08-01 0:00:00","PATCH"
"603","","602","","0","0","2023-08-01 0:00:00","2023-08-01 0:00:00","PATCH"
"604","","603","","0","0","2023-08-01 0:00:00","2023-08-01 0:00:00","PATCH"
"605","","604","","0","0","2023-08-01 0:00:00","2023-08-01 0:00:00","PATCH"
"606","","605","","0","0","2023-08-01 0:00:00","2023-08-01 0:00:00","PATCH"
"607","","606","","0","0","2023-08-01 0:00:00","2023-08-01 0:00:00","PATCH"
"608","","607","","0","0","2023-08-01 0:00:00","2023-08-01 0:00:00","PATCH"
"609","","608","","0","0","2023-08-01 0:00:00","2023-08-01 0:00:00","PATCH"
"610","","609","","0","0","2023-08-01 0:00:00","2023-08-01 0:00:00","PATCH"
"611","農業","610","","0","0","2023-08-01 0:00:00","2023-08-01 0:00:00","PATCH"
"612","","611","","0","0","2023-08-01 0:00:00","2023-08-01 0:00:00","PATCH"
"613","","612","","0","0","2023-08-01 0:00:00","2023-08-01 0:00:00","PATCH"
"614","","613","","0","0","2023-08-01 0:00:00","2023-08-01 0:00:00","PATCH"
"615","","614","","0","0","2023-08-01 0:00:00","2023-08-01 0:00:00","PATCH"
"616","","615","","0","0","2023-08-01 0:00:00","2023-08-01 0:00:00","PATCH"
"617","","616","","0","0","2023-08-01 0:00:00","2023-08-01 0:00:00","PATCH"
"618","","617","","0","0","2023-08-01 0:00:00","2023-08-01 0:00:00","PATCH"
"619","","618","","0","0","2023-08-01 0:00:00","2023-08-01 0:00:00","PATCH"
"620","","619","","0","0","2023-08-01 0:00:00","2023-08-01 0:00:00","PATCH"
"621","園芸","620","","0","0","2023-08-01 0:00:00","2023-08-01 0:00:00","PATCH"
"622","","621","","0","0","2023-08-01 0:00:00","2023-08-01 0:00:00","PATCH"
"623","","622","","0","0","2023-08-01 0:00:00","2023-08-01 0:00:00","PATCH"
"624","","623","","0","0","2023-08-01 0:00:00","2023-08-01 0:00:00","PATCH"
"625","","624","","0","0","2023-08-01 0:00:00","2023-08-01 0:00:00","PATCH"
"626","","625","","0","0","2023-08-01 0:00:00","2023-08-01 0:00:00","PATCH"
"627","","626","","0","0","2023-08-01 0:00:00","2023-08-01 0:00:00","PATCH"
"628","","627","","0","0","2023-08-01 0:00:00","2023-08-01 0:00:00","PATCH"
"629","","628","","0","0","2023-08-01 0:00:00","2023-08-01 0:00:00","PATCH"
"630","","629","","0","0","2023-08-01 0:00:00","2023-08-01 0:00:00","PATCH"
"631","蚕糸業","630","","0","0","2023-08-01 0:00:00","2023-08-01 0:00:00","PATCH"
"632","","631","","0","0","2023-08-01 0:00:00","2023-08-01 0:00:00","PATCH"
"633","","632","","0","0","2023-08-01 0:00:00","2023-08-01 0:00:00","PATCH"
"634","","633","","0","0","2023-08-01 0:00:00","2023-08-01 0:00:00","PATCH"
"635","","634","","0","0","2023-08-01 0:00:00","2023-08-01 0:00:00","PATCH"
"636","","635","","0","0","2023-08-01 0:00:00","2023-08-01 0:00:00","PATCH"
"637","","636","","0","0","2023-08-01 0:00:00","2023-08-01 0:00:00","PATCH"
"638","","637","","0","0","2023-08-01 0:00:00","2023-08-01 0:00:00","PATCH"
"639","","638","","0","0","2023-08-01 0:00:00","2023-08-01 0:00:00","PATCH"
"640","","639","","0","0","2023-08-01 0:00:00","2023-08-01 0:00:00","PATCH"
"641","畜産業. 獣医学","640","","0","0","2023-08-01 0:00:00","2023-08-01 0:00:00","PATCH"
"642","","641","","0","0","2023-08-01 0:00:00","2023-08-01 0:00:00","PATCH"
"643","","642","","0","0","2023-08-01 0:00:00","2023-08-01 0:00:00","PATCH"
"644","","643","","0","0","2023-08-01 0:00:00","2023-08-01 0:00:00","PATCH"
"645","","644","","0","0","2023-08-01 0:00:00","2023-08-01 0:00:00","PATCH"
"646","","645","","0","0","2023-08-01 0:00:00","2023-08-01 0:00:00","PATCH"
"647","","646","","0","0","2023-08-01 0:00:00","2023-08-01 0:00:00","PATCH"
"648","","647","","0","0","2023-08-01 0:00:00","2023-08-01 0:00:00","PATCH"
"649","","648","","0","0","2023-08-01 0:00:00","2023-08-01 0:00:00","PATCH"
"650","","649","","0","0","2023-08-01 0:00:00","2023-08-01 0:00:00","PATCH"
"651","","650","","0","0","2023-08-01 0:00:00","2023-08-01 0:00:00","PATCH"
"652","林業","651","","0","0","2023-08-01 0:00:00","2023-08-01 0:00:00","PATCH"
"653","","652","","0","0","2023-08-01 0:00:00","2023-08-01 0:00:00","PATCH"
"654","","653","","0","0","2023-08-01 0:00:00","2023-08-01 0:00:00","PATCH"
"655","","654","","0","0","2023-08-01 0:00:00","2023-08-01 0:00:00","PATCH"
"656","","655","","0","0","2023-08-01 0:00:00","2023-08-01 0:00:00","PATCH"
"657","","656","","0","0","2023-08-01 0:00:00","2023-08-01 0:00:00","PATCH"
"658","","657","","0","0","2023-08-01 0:00:00","2023-08-01 0:00:00","PATCH"
"659","","658","","0","0","2023-08-01 0:00:00","2023-08-01 0:00:00","PATCH"
"660","","659","","0","0","2023-08-01 0:00:00","2023-08-01 0:00:00","PATCH"
"661","水産業","660","","0","0","2023-08-01 0:00:00","2023-08-01 0:00:00","PATCH"
"662","","661","","0","0","2023-08-01 0:00:00","2023-08-01 0:00:00","PATCH"
"663","","662","","0","0","2023-08-01 0:00:00","2023-08-01 0:00:00","PATCH"
"664","","663","","0","0","2023-08-01 0:00:00","2023-08-01 0:00:00","PATCH"
"665","","664","","0","0","2023-08-01 0:00:00","2023-08-01 0:00:00","PATCH"
"666","","665","","0","0","2023-08-01 0:00:00","2023-08-01 0:00:00","PATCH"
"667","","666","","0","0","2023-08-01 0:00:00","2023-08-01 0:00:00","PATCH"
"668","","667","","0","0","2023-08-01 0:00:00","2023-08-01 0:00:00","PATCH"
"669","","668","","0","0","2023-08-01 0:00:00","2023-08-01 0:00:00","PATCH"
"670","","669","","0","0","2023-08-01 0:00:00","2023-08-01 0:00:00","PATCH"
"671","商業","670","","0","0","2023-08-01 0:00:00","2023-08-01 0:00:00","PATCH"
"672","","671","","0","0","2023-08-01 0:00:00","2023-08-01 0:00:00","PATCH"
"673","","672","","0","0","2023-08-01 0:00:00","2023-08-01 0:00:00","PATCH"
"674","","673","","0","0","2023-08-01 0:00:00","2023-08-01 0:00:00","PATCH"
"675","","674","","0","0","2023-08-01 0:00:00","2023-08-01 0:00:00","PATCH"
"676","","675","","0","0","2023-08-01 0:00:00","2023-08-01 0:00:00","PATCH"
"677","","676","","0","0","2023-08-01 0:00:00","2023-08-01 0:00:00","PATCH"
"678","","677","","0","0","2023-08-01 0:00:00","2023-08-01 0:00:00","PATCH"
"679","","678","","0","0","2023-08-01 0:00:00","2023-08-01 0:00:00","PATCH"
"680","","679","","0","0","2023-08-01 0:00:00","2023-08-01 0:00:00","PATCH"
"681","","680","","0","0","2023-08-01 0:00:00","2023-08-01 0:00:00","PATCH"
"682","運輸. 交通","681","","0","0","2023-08-01 0:00:00","2023-08-01 0:00:00","PATCH"
"683","","682","","0","0","2023-08-01 0:00:00","2023-08-01 0:00:00","PATCH"
"684","","683","","0","0","2023-08-01 0:00:00","2023-08-01 0:00:00","PATCH"
"685","","684","","0","0","2023-08-01 0:00:00","2023-08-01 0:00:00","PATCH"
"686","","685","","0","0","2023-08-01 0:00:00","2023-08-01 0:00:00","PATCH"
"687","","686","","0","0","2023-08-01 0:00:00","2023-08-01 0:00:00","PATCH"
"688","","687","","0","0","2023-08-01 0:00:00","2023-08-01 0:00:00","PATCH"
"689","","688","","0","0","2023-08-01 0:00:00","2023-08-01 0:00:00","PATCH"
"690","","689","","0","0","2023-08-01 0:00:00","2023-08-01 0:00:00","PATCH"
"691","通信事業","690","","0","0","2023-08-01 0:00:00","2023-08-01 0:00:00","PATCH"
"692","","691","","0","0","2023-08-01 0:00:00","2023-08-01 0:00:00","PATCH"
"693","","692","","0","0","2023-08-01 0:00:00","2023-08-01 0:00:00","PATCH"
"694","","693","","0","0","2023-08-01 0:00:00","2023-08-01 0:00:00","PATCH"
"695","","694","","0","0","2023-08-01 0:00:00","2023-08-01 0:00:00","PATCH"
"696","","695","","0","0","2023-08-01 0:00:00","2023-08-01 0:00:00","PATCH"
"697","","696","","0","0","2023-08-01 0:00:00","2023-08-01 0:00:00","PATCH"
"698","","697","","0","0","2023-08-01 0:00:00","2023-08-01 0:00:00","PATCH"
"699","","698","","0","0","2023-08-01 0:00:00","2023-08-01 0:00:00","PATCH"
"700","","699","","0","0","2023-08-01 0:00:00","2023-08-01 0:00:00","PATCH"
"701","芸術. 美術","700","","0","0","2023-08-01 0:00:00","2023-08-01 0:00:00","PATCH"
"702","","701","","0","0","2023-08-01 0:00:00","2023-08-01 0:00:00","PATCH"
"703","","702","","0","0","2023-08-01 0:00:00","2023-08-01 0:00:00","PATCH"
"704","","703","","0","0","2023-08-01 0:00:00","2023-08-01 0:00:00","PATCH"
"705","","704","","0","0","2023-08-01 0:00:00","2023-08-01 0:00:00","PATCH"
"706","","705","","0","0","2023-08-01 0:00:00","2023-08-01 0:00:00","PATCH"
"707","","706","","0","0","2023-08-01 0:00:00","2023-08-01 0:00:00","PATCH"
"708","","707","","0","0","2023-08-01 0:00:00","2023-08-01 0:00:00","PATCH"
"709","","708","","0","0","2023-08-01 0:00:00","2023-08-01 0:00:00","PATCH"
"710","","709","","0","0","2023-08-01 0:00:00","2023-08-01 0:00:00","PATCH"
"711","彫刻","710","","0","0","2023-08-01 0:00:00","2023-08-01 0:00:00","PATCH"
"712","","711","","0","0","2023-08-01 0:00:00","2023-08-01 0:00:00","PATCH"
"713","","712","","0","0","2023-08-01 0:00:00","2023-08-01 0:00:00","PATCH"
"714","","713","","0","0","2023-08-01 0:00:00","2023-08-01 0:00:00","PATCH"
"715","","714","","0","0","2023-08-01 0:00:00","2023-08-01 0:00:00","PATCH"
"716","","715","","0","0","2023-08-01 0:00:00","2023-08-01 0:00:00","PATCH"
"717","","716","","0","0","2023-08-01 0:00:00","2023-08-01 0:00:00","PATCH"
"718","","717","","0","0","2023-08-01 0:00:00","2023-08-01 0:00:00","PATCH"
"719","","718","","0","0","2023-08-01 0:00:00","2023-08-01 0:00:00","PATCH"
"720","","719","","0","0","2023-08-01 0:00:00","2023-08-01 0:00:00","PATCH"
"721","絵画. 書道","720","","0","0","2023-08-01 0:00:00","2023-08-01 0:00:00","PATCH"
"722","","721","","0","0","2023-08-01 0:00:00","2023-08-01 0:00:00","PATCH"
"723","","722","","0","0","2023-08-01 0:00:00","2023-08-01 0:00:00","PATCH"
"724","","723","","0","0","2023-08-01 0:00:00","2023-08-01 0:00:00","PATCH"
"725","","724","","0","0","2023-08-01 0:00:00","2023-08-01 0:00:00","PATCH"
"726","","725","","0","0","2023-08-01 0:00:00","2023-08-01 0:00:00","PATCH"
"727","","726","","0","0","2023-08-01 0:00:00","2023-08-01 0:00:00","PATCH"
"728","","727","","0","0","2023-08-01 0:00:00","2023-08-01 0:00:00","PATCH"
"729","","728","","0","0","2023-08-01 0:00:00","2023-08-01 0:00:00","PATCH"
"730","","729","","0","0","2023-08-01 0:00:00","2023-08-01 0:00:00","PATCH"
"731","版画","730","","0","0","2023-08-01 0:00:00","2023-08-01 0:00:00","PATCH"
"732","","731","","0","0","2023-08-01 0:00:00","2023-08-01 0:00:00","PATCH"
"733","","732","","0","0","2023-08-01 0:00:00","2023-08-01 0:00:00","PATCH"
"734","","733","","0","0","2023-08-01 0:00:00","2023-08-01 0:00:00","PATCH"
"735","","734","","0","0","2023-08-01 0:00:00","2023-08-01 0:00:00","PATCH"
"736","","735","","0","0","2023-08-01 0:00:00","2023-08-01 0:00:00","PATCH"
"737","","736","","0","0","2023-08-01 0:00:00","2023-08-01 0:00:00","PATCH"
"738","","737","","0","0","2023-08-01 0:00:00","2023-08-01 0:00:00","PATCH"
"739","","738","","0","0","2023-08-01 0:00:00","2023-08-01 0:00:00","PATCH"
"740","","739","","0","0","2023-08-01 0:00:00","2023-08-01 0:00:00","PATCH"
"741","写真. 印刷","740","","0","0","2023-08-01 0:00:00","2023-08-01 0:00:00","PATCH"
"742","","741","","0","0","2023-08-01 0:00:00","2023-08-01 0:00:00","PATCH"
"743","","742","","0","0","2023-08-01 0:00:00","2023-08-01 0:00:00","PATCH"
"744","","743","","0","0","2023-08-01 0:00:00","2023-08-01 0:00:00","PATCH"
"745","","744","","0","0","2023-08-01 0:00:00","2023-08-01 0:00:00","PATCH"
"746","","745","","0","0","2023-08-01 0:00:00","2023-08-01 0:00:00","PATCH"
"747","","746","","0","0","2023-08-01 0:00:00","2023-08-01 0:00:00","PATCH"
"748","","747","","0","0","2023-08-01 0:00:00","2023-08-01 0:00:00","PATCH"
"749","","748","","0","0","2023-08-01 0:00:00","2023-08-01 0:00:00","PATCH"
"750","","749","","0","0","2023-08-01 0:00:00","2023-08-01 0:00:00","PATCH"
"751","工芸","750","","0","0","2023-08-01 0:00:00","2023-08-01 0:00:00","PATCH"
"752","","751","","0","0","2023-08-01 0:00:00","2023-08-01 0:00:00","PATCH"
"753","","752","","0","0","2023-08-01 0:00:00","2023-08-01 0:00:00","PATCH"
"754","","753","","0","0","2023-08-01 0:00:00","2023-08-01 0:00:00","PATCH"
"755","","754","","0","0","2023-08-01 0:00:00","2023-08-01 0:00:00","PATCH"
"756","","755","","0","0","2023-08-01 0:00:00","2023-08-01 0:00:00","PATCH"
"757","","756","","0","0","2023-08-01 0:00:00","2023-08-01 0:00:00","PATCH"
"758","","757","","0","0","2023-08-01 0:00:00","2023-08-01 0:00:00","PATCH"
"759","","758","","0","0","2023-08-01 0:00:00","2023-08-01 0:00:00","PATCH"
"760","","759","","0","0","2023-08-01 0:00:00","2023-08-01 0:00:00","PATCH"
"761","音楽. 舞踊","760","","0","0","2023-08-01 0:00:00","2023-08-01 0:00:00","PATCH"
"762","","761","","0","0","2023-08-01 0:00:00","2023-08-01 0:00:00","PATCH"
"763","","762","","0","0","2023-08-01 0:00:00","2023-08-01 0:00:00","PATCH"
"764","","763","","0","0","2023-08-01 0:00:00","2023-08-01 0:00:00","PATCH"
"765","","764","","0","0","2023-08-01 0:00:00","2023-08-01 0:00:00","PATCH"
"766","","765","","0","0","2023-08-01 0:00:00","2023-08-01 0:00:00","PATCH"
"767","","766","","0","0","2023-08-01 0:00:00","2023-08-01 0:00:00","PATCH"
"768","","767","","0","0","2023-08-01 0:00:00","2023-08-01 0:00:00","PATCH"
"769","","768","","0","0","2023-08-01 0:00:00","2023-08-01 0:00:00","PATCH"
"770","","769","","0","0","2023-08-01 0:00:00","2023-08-01 0:00:00","PATCH"
"771","演劇. 映画","770","","0","0","2023-08-01 0:00:00","2023-08-01 0:00:00","PATCH"
"772","","771","","0","0","2023-08-01 0:00:00","2023-08-01 0:00:00","PATCH"
"773","","772","","0","0","2023-08-01 0:00:00","2023-08-01 0:00:00","PATCH"
"774","","773","","0","0","2023-08-01 0:00:00","2023-08-01 0:00:00","PATCH"
"775","","774","","0","0","2023-08-01 0:00:00","2023-08-01 0:00:00","PATCH"
"776","","775","","0","0","2023-08-01 0:00:00","2023-08-01 0:00:00","PATCH"
"777","","776","","0","0","2023-08-01 0:00:00","2023-08-01 0:00:00","PATCH"
"778","","777","","0","0","2023-08-01 0:00:00","2023-08-01 0:00:00","PATCH"
"779","","778","","0","0","2023-08-01 0:00:00","2023-08-01 0:00:00","PATCH"
"780","","779","","0","0","2023-08-01 0:00:00","2023-08-01 0:00:00","PATCH"
"781","スポーツ. 体育","780","","0","0","2023-08-01 0:00:00","2023-08-01 0:00:00","PATCH"
"782","","781","","0","0","2023-08-01 0:00:00","2023-08-01 0:00:00","PATCH"
"783","","782","","0","0","2023-08-01 0:00:00","2023-08-01 0:00:00","PATCH"
"784","","783","","0","0","2023-08-01 0:00:00","2023-08-01 0:00:00","PATCH"
"785","","784","","0","0","2023-08-01 0:00:00","2023-08-01 0:00:00","PATCH"
"786","","785","","0","0","2023-08-01 0:00:00","2023-08-01 0:00:00","PATCH"
"787","","786","","0","0","2023-08-01 0:00:00","2023-08-01 0:00:00","PATCH"
"788","","787","","0","0","2023-08-01 0:00:00","2023-08-01 0:00:00","PATCH"
"789","","788","","0","0","2023-08-01 0:00:00","2023-08-01 0:00:00","PATCH"
"790","","789","","0","0","2023-08-01 0:00:00","2023-08-01 0:00:00","PATCH"
"791","","790","","0","0","2023-08-01 0:00:00","2023-08-01 0:00:00","PATCH"
"792","諸芸. 娯楽","791","","0","0","2023-08-01 0:00:00","2023-08-01 0:00:00","PATCH"
"793","","792","","0","0","2023-08-01 0:00:00","2023-08-01 0:00:00","PATCH"
"794","","793","","0","0","2023-08-01 0:00:00","2023-08-01 0:00:00","PATCH"
"795","","794","","0","0","2023-08-01 0:00:00","2023-08-01 0:00:00","PATCH"
"796","","795","","0","0","2023-08-01 0:00:00","2023-08-01 0:00:00","PATCH"
"797","","796","","0","0","2023-08-01 0:00:00","2023-08-01 0:00:00","PATCH"
"798","","797","","0","0","2023-08-01 0:00:00","2023-08-01 0:00:00","PATCH"
"799","","798","","0","0","2023-08-01 0:00:00","2023-08-01 0:00:00","PATCH"
"800","","799","","0","0","2023-08-01 0:00:00","2023-08-01 0:00:00","PATCH"
"801","言語","800","","0","0","2023-08-01 0:00:00","2023-08-01 0:00:00","PATCH"
"802","","801","","0","0","2023-08-01 0:00:00","2023-08-01 0:00:00","PATCH"
"803","","802","","0","0","2023-08-01 0:00:00","2023-08-01 0:00:00","PATCH"
"804","","803","","0","0","2023-08-01 0:00:00","2023-08-01 0:00:00","PATCH"
"805","","804","","0","0","2023-08-01 0:00:00","2023-08-01 0:00:00","PATCH"
"806","","805","","0","0","2023-08-01 0:00:00","2023-08-01 0:00:00","PATCH"
"807","","806","","0","0","2023-08-01 0:00:00","2023-08-01 0:00:00","PATCH"
"808","","807","","0","0","2023-08-01 0:00:00","2023-08-01 0:00:00","PATCH"
"809","","808","","0","0","2023-08-01 0:00:00","2023-08-01 0:00:00","PATCH"
"810","","809","","0","0","2023-08-01 0:00:00","2023-08-01 0:00:00","PATCH"
"811","日本語","810","","0","0","2023-08-01 0:00:00","2023-08-01 0:00:00","PATCH"
"812","","811","","0","0","2023-08-01 0:00:00","2023-08-01 0:00:00","PATCH"
"813","","812","","0","0","2023-08-01 0:00:00","2023-08-01 0:00:00","PATCH"
"814","","813","","0","0","2023-08-01 0:00:00","2023-08-01 0:00:00","PATCH"
"815","","814","","0","0","2023-08-01 0:00:00","2023-08-01 0:00:00","PATCH"
"816","","815","","0","0","2023-08-01 0:00:00","2023-08-01 0:00:00","PATCH"
"817","","816","","0","0","2023-08-01 0:00:00","2023-08-01 0:00:00","PATCH"
"818","","817","","0","0","2023-08-01 0:00:00","2023-08-01 0:00:00","PATCH"
"819","","818","","0","0","2023-08-01 0:00:00","2023-08-01 0:00:00","PATCH"
"820","","819","","0","0","2023-08-01 0:00:00","2023-08-01 0:00:00","PATCH"
"821","中国語. その他の東洋の諸言語","820","","0","0","2023-08-01 0:00:00","2023-08-01 0:00:00","PATCH"
"822","","821","","0","0","2023-08-01 0:00:00","2023-08-01 0:00:00","PATCH"
"823","","822","","0","0","2023-08-01 0:00:00","2023-08-01 0:00:00","PATCH"
"824","","823","","0","0","2023-08-01 0:00:00","2023-08-01 0:00:00","PATCH"
"825","","824","","0","0","2023-08-01 0:00:00","2023-08-01 0:00:00","PATCH"
"826","","825","","0","0","2023-08-01 0:00:00","2023-08-01 0:00:00","PATCH"
"827","","826","","0","0","2023-08-01 0:00:00","2023-08-01 0:00:00","PATCH"
"828","","827","","0","0","2023-08-01 0:00:00","2023-08-01 0:00:00","PATCH"
"829","","828","","0","0","2023-08-01 0:00:00","2023-08-01 0:00:00","PATCH"
"830","","829","","0","0","2023-08-01 0:00:00","2023-08-01 0:00:00","PATCH"
"831","英語","830","","0","0","2023-08-01 0:00:00","2023-08-01 0:00:00","PATCH"
"832","","831","","0","0","2023-08-01 0:00:00","2023-08-01 0:00:00","PATCH"
"833","","832","","0","0","2023-08-01 0:00:00","2023-08-01 0:00:00","PATCH"
"834","","833","","0","0","2023-08-01 0:00:00","2023-08-01 0:00:00","PATCH"
"835","","834","","0","0","2023-08-01 0:00:00","2023-08-01 0:00:00","PATCH"
"836","","835","","0","0","2023-08-01 0:00:00","2023-08-01 0:00:00","PATCH"
"837","","836","","0","0","2023-08-01 0:00:00","2023-08-01 0:00:00","PATCH"
"838","","837","","0","0","2023-08-01 0:00:00","2023-08-01 0:00:00","PATCH"
"839","","838","","0","0","2023-08-01 0:00:00","2023-08-01 0:00:00","PATCH"
"840","","839","","0","0","2023-08-01 0:00:00","2023-08-01 0:00:00","PATCH"
"841","ドイツ語","840","","0","0","2023-08-01 0:00:00","2023-08-01 0:00:00","PATCH"
"842","","841","","0","0","2023-08-01 0:00:00","2023-08-01 0:00:00","PATCH"
"843","","842","","0","0","2023-08-01 0:00:00","2023-08-01 0:00:00","PATCH"
"844","","843","","0","0","2023-08-01 0:00:00","2023-08-01 0:00:00","PATCH"
"845","","844","","0","0","2023-08-01 0:00:00","2023-08-01 0:00:00","PATCH"
"846","","845","","0","0","2023-08-01 0:00:00","2023-08-01 0:00:00","PATCH"
"847","","846","","0","0","2023-08-01 0:00:00","2023-08-01 0:00:00","PATCH"
"848","","847","","0","0","2023-08-01 0:00:00","2023-08-01 0:00:00","PATCH"
"849","","848","","0","0","2023-08-01 0:00:00","2023-08-01 0:00:00","PATCH"
"850","","849","","0","0","2023-08-01 0:00:00","2023-08-01 0:00:00","PATCH"
"851","フランス語","850","","0","0","2023-08-01 0:00:00","2023-08-01 0:00:00","PATCH"
"852","","851","","0","0","2023-08-01 0:00:00","2023-08-01 0:00:00","PATCH"
"853","","852","","0","0","2023-08-01 0:00:00","2023-08-01 0:00:00","PATCH"
"854","","853","","0","0","2023-08-01 0:00:00","2023-08-01 0:00:00","PATCH"
"855","","854","","0","0","2023-08-01 0:00:00","2023-08-01 0:00:00","PATCH"
"856","","855","","0","0","2023-08-01 0:00:00","2023-08-01 0:00:00","PATCH"
"857","","856","","0","0","2023-08-01 0:00:00","2023-08-01 0:00:00","PATCH"
"858","","857","","0","0","2023-08-01 0:00:00","2023-08-01 0:00:00","PATCH"
"859","","858","","0","0","2023-08-01 0:00:00","2023-08-01 0:00:00","PATCH"
"860","","859","","0","0","2023-08-01 0:00:00","2023-08-01 0:00:00","PATCH"
"861","スペイン語","860","","0","0","2023-08-01 0:00:00","2023-08-01 0:00:00","PATCH"
"862","","861","","0","0","2023-08-01 0:00:00","2023-08-01 0:00:00","PATCH"
"863","","862","","0","0","2023-08-01 0:00:00","2023-08-01 0:00:00","PATCH"
"864","","863","","0","0","2023-08-01 0:00:00","2023-08-01 0:00:00","PATCH"
"865","","864","","0","0","2023-08-01 0:00:00","2023-08-01 0:00:00","PATCH"
"866","","865","","0","0","2023-08-01 0:00:00","2023-08-01 0:00:00","PATCH"
"867","","866","","0","0","2023-08-01 0:00:00","2023-08-01 0:00:00","PATCH"
"868","","867","","0","0","2023-08-01 0:00:00","2023-08-01 0:00:00","PATCH"
"869","","868","","0","0","2023-08-01 0:00:00","2023-08-01 0:00:00","PATCH"
"870","","869","","0","0","2023-08-01 0:00:00","2023-08-01 0:00:00","PATCH"
"871","イタリア語","870","","0","0","2023-08-01 0:00:00","2023-08-01 0:00:00","PATCH"
"872","","871","","0","0","2023-08-01 0:00:00","2023-08-01 0:00:00","PATCH"
"873","","872","","0","0","2023-08-01 0:00:00","2023-08-01 0:00:00","PATCH"
"874","","873","","0","0","2023-08-01 0:00:00","2023-08-01 0:00:00","PATCH"
"875","","874","","0","0","2023-08-01 0:00:00","2023-08-01 0:00:00","PATCH"
"876","","875","","0","0","2023-08-01 0:00:00","2023-08-01 0:00:00","PATCH"
"877","","876","","0","0","2023-08-01 0:00:00","2023-08-01 0:00:00","PATCH"
"878","","877","","0","0","2023-08-01 0:00:00","2023-08-01 0:00:00","PATCH"
"879","","878","","0","0","2023-08-01 0:00:00","2023-08-01 0:00:00","PATCH"
"880","","879","","0","0","2023-08-01 0:00:00","2023-08-01 0:00:00","PATCH"
"881","ロシア語","880","","0","0","2023-08-01 0:00:00","2023-08-01 0:00:00","PATCH"
"882","","881","","0","0","2023-08-01 0:00:00","2023-08-01 0:00:00","PATCH"
"883","","882","","0","0","2023-08-01 0:00:00","2023-08-01 0:00:00","PATCH"
"884","","883","","0","0","2023-08-01 0:00:00","2023-08-01 0:00:00","PATCH"
"885","","884","","0","0","2023-08-01 0:00:00","2023-08-01 0:00:00","PATCH"
"886","","885","","0","0","2023-08-01 0:00:00","2023-08-01 0:00:00","PATCH"
"887","","886","","0","0","2023-08-01 0:00:00","2023-08-01 0:00:00","PATCH"
"888","","887","","0","0","2023-08-01 0:00:00","2023-08-01 0:00:00","PATCH"
"889","","888","","0","0","2023-08-01 0:00:00","2023-08-01 0:00:00","PATCH"
"890","","889","","0","0","2023-08-01 0:00:00","2023-08-01 0:00:00","PATCH"
"891","その他の諸言語","890","","0","0","2023-08-01 0:00:00","2023-08-01 0:00:00","PATCH"
"892","","891","","0","0","2023-08-01 0:00:00","2023-08-01 0:00:00","PATCH"
"893","","892","","0","0","2023-08-01 0:00:00","2023-08-01 0:00:00","PATCH"
"894","","893","","0","0","2023-08-01 0:00:00","2023-08-01 0:00:00","PATCH"
"895","","894","","0","0","2023-08-01 0:00:00","2023-08-01 0:00:00","PATCH"
"896","","895","","0","0","2023-08-01 0:00:00","2023-08-01 0:00:00","PATCH"
"897","","896","","0","0","2023-08-01 0:00:00","2023-08-01 0:00:00","PATCH"
"898","","897","","0","0","2023-08-01 0:00:00","2023-08-01 0:00:00","PATCH"
"899","","898","","0","0","2023-08-01 0:00:00","2023-08-01 0:00:00","PATCH"
"900","","899","","0","0","2023-08-01 0:00:00","2023-08-01 0:00:00","PATCH"
"901","文学","900","","0","0","2023-08-01 0:00:00","2023-08-01 0:00:00","PATCH"
"902","","901","","0","0","2023-08-01 0:00:00","2023-08-01 0:00:00","PATCH"
"903","","902","","0","0","2023-08-01 0:00:00","2023-08-01 0:00:00","PATCH"
"904","","903","","0","0","2023-08-01 0:00:00","2023-08-01 0:00:00","PATCH"
"905","","904","","0","0","2023-08-01 0:00:00","2023-08-01 0:00:00","PATCH"
"906","","905","","0","0","2023-08-01 0:00:00","2023-08-01 0:00:00","PATCH"
"907","","906","","0","0","2023-08-01 0:00:00","2023-08-01 0:00:00","PATCH"
"908","","907","","0","0","2023-08-01 0:00:00","2023-08-01 0:00:00","PATCH"
"909","","908","","0","0","2023-08-01 0:00:00","2023-08-01 0:00:00","PATCH"
"910","","909","","0","0","2023-08-01 0:00:00","2023-08-01 0:00:00","PATCH"
"911","日本文学","910","","0","0","2023-08-01 0:00:00","2023-08-01 0:00:00","PATCH"
"912","","911","","0","0","2023-08-01 0:00:00","2023-08-01 0:00:00","PATCH"
"913","","912","","0","0","2023-08-01 0:00:00","2023-08-01 0:00:00","PATCH"
"914","","913","","0","0","2023-08-01 0:00:00","2023-08-01 0:00:00","PATCH"
"915","","914","","0","0","2023-08-01 0:00:00","2023-08-01 0:00:00","PATCH"
"916","","915","","0","0","2023-08-01 0:00:00","2023-08-01 0:00:00","PATCH"
"917","","916","","0","0","2023-08-01 0:00:00","2023-08-01 0:00:00","PATCH"
"918","","917","","0","0","2023-08-01 0:00:00","2023-08-01 0:00:00","PATCH"
"919","","918","","0","0","2023-08-01 0:00:00","2023-08-01 0:00:00","PATCH"
"920","","919","","0","0","2023-08-01 0:00:00","2023-08-01 0:00:00","PATCH"
"921","中国文学. その他の東洋文学","920","","0","0","2023-08-01 0:00:00","2023-08-01 0:00:00","PATCH"
"922","","921","","0","0","2023-08-01 0:00:00","2023-08-01 0:00:00","PATCH"
"923","","922","","0","0","2023-08-01 0:00:00","2023-08-01 0:00:00","PATCH"
"924","","923","","0","0","2023-08-01 0:00:00","2023-08-01 0:00:00","PATCH"
"925","","924","","0","0","2023-08-01 0:00:00","2023-08-01 0:00:00","PATCH"
"926","","925","","0","0","2023-08-01 0:00:00","2023-08-01 0:00:00","PATCH"
"927","","926","","0","0","2023-08-01 0:00:00","2023-08-01 0:00:00","PATCH"
"928","","927","","0","0","2023-08-01 0:00:00","2023-08-01 0:00:00","PATCH"
"929","","928","","0","0","2023-08-01 0:00:00","2023-08-01 0:00:00","PATCH"
"930","","929","","0","0","2023-08-01 0:00:00","2023-08-01 0:00:00","PATCH"
"931","英米文学","930","","0","0","2023-08-01 0:00:00","2023-08-01 0:00:00","PATCH"
"932","","931","","0","0","2023-08-01 0:00:00","2023-08-01 0:00:00","PATCH"
"933","","932","","0","0","2023-08-01 0:00:00","2023-08-01 0:00:00","PATCH"
"934","","933","","0","0","2023-08-01 0:00:00","2023-08-01 0:00:00","PATCH"
"935","","934","","0","0","2023-08-01 0:00:00","2023-08-01 0:00:00","PATCH"
"936","","935","","0","0","2023-08-01 0:00:00","2023-08-01 0:00:00","PATCH"
"937","","936","","0","0","2023-08-01 0:00:00","2023-08-01 0:00:00","PATCH"
"938","","937","","0","0","2023-08-01 0:00:00","2023-08-01 0:00:00","PATCH"
"939","","938","","0","0","2023-08-01 0:00:00","2023-08-01 0:00:00","PATCH"
"940","","939","","0","0","2023-08-01 0:00:00","2023-08-01 0:00:00","PATCH"
"941","ドイツ文学","940","","0","0","2023-08-01 0:00:00","2023-08-01 0:00:00","PATCH"
"942","","941","","0","0","2023-08-01 0:00:00","2023-08-01 0:00:00","PATCH"
"943","","942","","0","0","2023-08-01 0:00:00","2023-08-01 0:00:00","PATCH"
"944","","943","","0","0","2023-08-01 0:00:00","2023-08-01 0:00:00","PATCH"
"945","","944","","0","0","2023-08-01 0:00:00","2023-08-01 0:00:00","PATCH"
"946","","945","","0","0","2023-08-01 0:00:00","2023-08-01 0:00:00","PATCH"
"947","","946","","0","0","2023-08-01 0:00:00","2023-08-01 0:00:00","PATCH"
"948","","947","","0","0","2023-08-01 0:00:00","2023-08-01 0:00:00","PATCH"
"949","","948","","0","0","2023-08-01 0:00:00","2023-08-01 0:00:00","PATCH"
"950","","949","","0","0","2023-08-01 0:00:00","2023-08-01 0:00:00","PATCH"
"951","フランス文学","950","","0","0","2023-08-01 0:00:00","2023-08-01 0:00:00","PATCH"
"952","","951","","0","0","2023-08-01 0:00:00","2023-08-01 0:00:00","PATCH"
"953","","952","","0","0","2023-08-01 0:00:00","2023-08-01 0:00:00","PATCH"
"954","","953","","0","0","2023-08-01 0:00:00","2023-08-01 0:00:00","PATCH"
"955","","954","","0","0","2023-08-01 0:00:00","2023-08-01 0:00:00","PATCH"
"956","","955","","0","0","2023-08-01 0:00:00","2023-08-01 0:00:00","PATCH"
"957","","956","","0","0","2023-08-01 0:00:00","2023-08-01 0:00:00","PATCH"
"958","","957","","0","0","2023-08-01 0:00:00","2023-08-01 0:00:00","PATCH"
"959","","958","","0","0","2023-08-01 0:00:00","2023-08-01 0:00:00","PATCH"
"960","","959","","0","0","2023-08-01 0:00:00","2023-08-01 0:00:00","PATCH"
"961","スペイン文学","960","","0","0","2023-08-01 0:00:00","2023-08-01 0:00:00","PATCH"
"962","","961","","0","0","2023-08-01 0:00:00","2023-08-01 0:00:00","PATCH"
"963","","962","","0","0","2023-08-01 0:00:00","2023-08-01 0:00:00","PATCH"
"964","","963","","0","0","2023-08-01 0:00:00","2023-08-01 0:00:00","PATCH"
"965","","964","","0","0","2023-08-01 0:00:00","2023-08-01 0:00:00","PATCH"
"966","","965","","0","0","2023-08-01 0:00:00","2023-08-01 0:00:00","PATCH"
"967","","966","","0","0","2023-08-01 0:00:00","2023-08-01 0:00:00","PATCH"
"968","","967","","0","0","2023-08-01 0:00:00","2023-08-01 0:00:00","PATCH"
"969","","968","","0","0","2023-08-01 0:00:00","2023-08-01 0:00:00","PATCH"
"970","","969","","0","0","2023-08-01 0:00:00","2023-08-01 0:00:00","PATCH"
"971","イタリア文学","970","","0","0","2023-08-01 0:00:00","2023-08-01 0:00:00","PATCH"
"972","","971","","0","0","2023-08-01 0:00:00","2023-08-01 0:00:00","PATCH"
"973","","972","","0","0","2023-08-01 0:00:00","2023-08-01 0:00:00","PATCH"
"974","","973","","0","0","2023-08-01 0:00:00","2023-08-01 0:00:00","PATCH"
"975","","974","","0","0","2023-08-01 0:00:00","2023-08-01 0:00:00","PATCH"
"976","","975","","0","0","2023-08-01 0:00:00","2023-08-01 0:00:00","PATCH"
"977","","976","","0","0","2023-08-01 0:00:00","2023-08-01 0:00:00","PATCH"
"978","","977","","0","0","2023-08-01 0:00:00","2023-08-01 0:00:00","PATCH"
"979","","978","","0","0","2023-08-01 0:00:00","2023-08-01 0:00:00","PATCH"
"980","","979","","0","0","2023-08-01 0:00:00","2023-08-01 0:00:00","PATCH"
"981","ロシア. ソヴィエト文学","980","","0","0","2023-08-01 0:00:00","2023-08-01 0:00:00","PATCH"
"982","","981","","0","0","2023-08-01 0:00:00","2023-08-01 0:00:00","PATCH"
"983","","982","","0","0","2023-08-01 0:00:00","2023-08-01 0:00:00","PATCH"
"984","","983","","0","0","2023-08-01 0:00:00","2023-08-01 0:00:00","PATCH"
"985","","984","","0","0","2023-08-01 0:00:00","2023-08-01 0:00:00","PATCH"
"986","","985","","0","0","2023-08-01 0:00:00","2023-08-01 0:00:00","PATCH"
"987","","986","","0","0","2023-08-01 0:00:00","2023-08-01 0:00:00","PATCH"
"988","","987","","0","0","2023-08-01 0:00:00","2023-08-01 0:00:00","PATCH"
"989","","988","","0","0","2023-08-01 0:00:00","2023-08-01 0:00:00","PATCH"
"990","","989","","0","0","2023-08-01 0:00:00","2023-08-01 0:00:00","PATCH"
"991","その他の諸文学","990","","0","0","2023-08-01 0:00:00","2023-08-01 0:00:00","PATCH"
"992","","991","","0","0","2023-08-01 0:00:00","2023-08-01 0:00:00","PATCH"
"993","","992","","0","0","2023-08-01 0:00:00","2023-08-01 0:00:00","PATCH"
"994","","993","","0","0","2023-08-01 0:00:00","2023-08-01 0:00:00","PATCH"
"995","","994","","0","0","2023-08-01 0:00:00","2023-08-01 0:00:00","PATCH"
"996","","995","","0","0","2023-08-01 0:00:00","2023-08-01 0:00:00","PATCH"
"997","","996","","0","0","2023-08-01 0:00:00","2023-08-01 0:00:00","PATCH"
"998","","997","","0","0","2023-08-01 0:00:00","2023-08-01 0:00:00","PATCH"
"999","","998","","0","0","2023-08-01 0:00:00","2023-08-01 0:00:00","PATCH"
"1000","","999","","0","0","2023-08-01 0:00:00","2023-08-01 0:00:00","PATCH"